"Name","Team","PA","BB%","K%","BB/K","SB","OBP","SLG","OPS","ISO","Spd","BABIP","wRC","wRAA","wOBA","wRC+","playerid"
"Ryan Lavarnway","Pirates","5","0.0 %","20.0 %","0.00","0",".800","1.000","1.800",".200","1.1","1.000","2","1.9",".777","407","8879"
"Ryder Jones","Giants","7","0.0 %","57.1 %","0.00","0",".429","1.286","1.714",".857","0.1","1.000","3","2.2",".706","360","15982"
"Dustin Garneau","White Sox","1","100.0 %","0.0 %","1.00","0","1.000",".000","1.000",".000","0.1",".000","0","0.3",".690","355","9433"
"Rowdy Tellez","Blue Jays","50","0.0 %","22.0 %","0.00","0",".400",".800","1.200",".400","1.1",".457","14","7.7",".503","226","15679"
"Beau Taylor","Athletics","4","25.0 %","0.0 %","1.00","0",".500",".667","1.167",".333","0.1",".333","1","0.6",".484","216","12384"
"Matt Skole","White Sox","11","18.2 %","18.2 %","1.00","0",".455",".667","1.121",".333","1.1",".333","3","1.4",".470","205","12119"
"Ryan O'Hearn","Royals","129","12.4 %","22.5 %","0.55","0",".403",".705","1.108",".393","3.7",".342","30","15.1",".458","194","16442"
"Lane Adams","Braves","20","15.0 %","25.0 %","0.60","1",".400",".706","1.106",".412","6.6",".300","5","2.3",".457","189","10767"
"Mike Trout","Angels","462","19.7 %","19.3 %","1.02","18",".462",".656","1.118",".338","5.7",".338","108","53.6",".457","198","10155"
"Myles Straw","Astros","10","10.0 %","0.0 %","1.00","2",".400",".667","1.067",".333","7.5",".250","2","1.1",".448","193","17620"
"Abiatal Avelino","Giants","2","0.0 %","0.0 %","0.00","0",".500",".500","1.000",".000","0.1",".500","0","0.2",".440","182","15496"
"Mookie Betts","Red Sox","459","11.8 %","15.3 %","0.77","17",".427",".610","1.037",".271","5.8",".365","99","45.3",".436","176","13611"
"J.D. Martinez","Red Sox","504","11.3 %","22.4 %","0.50","5",".407",".644","1.051",".315","4.3",".369","108","49.0",".434","174","6184"
"Shohei Ohtani","Angels","257","10.5 %","26.1 %","0.40","8",".387",".656","1.043",".344","5.8",".362","55","24.8",".433","182","19755"
"Luke Voit","- - -","107","12.1 %","29.0 %","0.42","0",".402",".613","1.015",".301","1.4",".389","22","10.0",".429","174","14811"
"Reese McGuire","Blue Jays","25","8.0 %","16.0 %","0.50","1",".400",".609","1.009",".261","4.6",".389","5","2.3",".427","174","15674"
"Christian Yelich","Brewers","459","11.3 %","21.1 %","0.54","16",".405",".602","1.007",".281","7.4",".369","95","41.2",".425","168","11477"
"Max Muncy","Dodgers","362","17.7 %","26.2 %","0.67","2",".401",".601","1.001",".334","4.1",".295","73","30.3",".417","169","13301"
"Jose Ramirez","Indians","506","17.8 %","12.3 %","1.45","27",".405",".586",".991",".315","6.4",".244","98","39.2",".410","159","13510"
"Brandon Nimmo","Mets","384","16.7 %","23.7 %","0.70","4",".424",".521",".946",".246","5.4",".350","74","28.9",".407","163","12927"
"Trevor Plouffe","Phillies","5","0.0 %","60.0 %","0.00","0",".200",".800","1.000",".600","0.1",".000","1","0.4",".406","158","7462"
"Juan Soto","Nationals","369","17.6 %","19.5 %","0.90","5",".421",".528",".949",".231","4.0",".347","69","25.9",".401","152","20123"
"David Peralta","Diamondbacks","427","8.9 %","18.0 %","0.49","4",".377",".568",".946",".251","5.2",".348","79","28.9",".398","150","2136"
"Patrick Wisdom","Cardinals","37","16.2 %","32.4 %","0.50","1",".378",".552",".930",".345","4.7",".214","7","2.5",".397","153","13602"
"Tzu-Wei Lin","Red Sox","56","12.5 %","21.4 %","0.58","0",".393",".531",".923",".224","6.0",".389","10","3.6",".394","147","14678"
"Dwight Smith Jr.","Blue Jays","61","9.8 %","18.0 %","0.55","0",".377",".547",".924",".245","0.8",".341","11","3.8",".390","149","13473"
"Yasiel Puig","Dodgers","291","8.2 %","18.2 %","0.45","8",".357",".564",".921",".267","3.9",".309","52","17.9",".390","150","14225"
"Alex Bregman","Astros","496","14.1 %","12.9 %","1.09","7",".391",".517",".908",".243","3.3",".279","88","30.4",".390","153","17678"
"Joey Votto","Reds","406","19.0 %","14.5 %","1.31","1",".436",".444",".880",".146","2.8",".344","71","23.4",".385","141","4314"
"Shin-Soo Choo","Rangers","455","15.4 %","22.0 %","0.70","5",".399",".493",".892",".208","3.4",".340","79","26.0",".385","138","3174"
"Matt Carpenter","Cardinals","481","15.0 %","23.3 %","0.64","4",".383",".548",".930",".280","3.7",".302","84","27.4",".385","145","8090"
"Ji-Man Choi","- - -","196","12.2 %","24.0 %","0.51","2",".372",".536",".908",".256","4.1",".333","34","11.0",".384","146","5452"
"Aaron Judge","Yankees","355","12.7 %","30.7 %","0.41","5",".377",".523",".901",".238","3.3",".374","61","20.0",".384","144","15640"
"Paul Goldschmidt","Diamondbacks","485","12.2 %","27.2 %","0.45","7",".384",".520",".904",".230","4.2",".375","84","27.3",".384","140","9218"
"D.J. Stewart","Orioles","44","6.8 %","27.3 %","0.25","2",".341",".579",".920",".316","4.7",".292","8","2.5",".383","144","17766"
"Anthony Rendon","Nationals","448","8.3 %","12.5 %","0.66","1",".375",".526",".901",".211","2.9",".327","77","25.0",".383","140","12861"
"Sam Travis","Red Sox","21","0.0 %","33.3 %","0.00","0",".333",".571",".905",".238","1.6",".462","4","1.2",".383","140","16263"
"Rhys Hoskins","Phillies","506","11.5 %","24.1 %","0.48","5",".352",".548",".900",".288","2.6",".288","86","27.1",".380","140","16472"
"Michael Brantley","Indians","461","9.1 %","8.7 %","1.05","7",".380",".509",".889",".187","4.5",".325","78","24.5",".380","138","4106"
"Aramis Garcia","Giants","42","2.4 %","45.2 %","0.05","0",".333",".561",".894",".244","1.2",".526","7","2.2",".380","142","16925"
"Xander Bogaerts","Red Sox","448","6.9 %","16.7 %","0.41","7",".348",".553",".901",".259","4.6",".309","76","23.6",".379","137","12161"
"Bryce Harper","Nationals","477","19.1 %","24.9 %","0.76","9",".396",".508",".904",".258","3.8",".290","81","25.1",".379","137","11579"
"Jesse Winker","Reds","263","14.1 %","12.2 %","1.16","0",".418",".455",".874",".134","1.0",".356","44","13.7",".379","137","13590"
"Anthony Rizzo","Cubs","500","12.0 %","9.6 %","1.25","5",".396",".506",".902",".211","2.8",".287","84","25.8",".378","138","3473"
"Willians Astudillo","Twins","69","2.9 %","0.0 %","2.00","0",".377",".508",".885",".154","2.9",".328","12","3.5",".378","139","15608"
"David Dahl","Rockies","205","8.3 %","22.4 %","0.37","4",".346",".568",".914",".281","5.4",".318","34","10.5",".378","123","13744"
"Justin Turner","Dodgers","281","8.5 %","12.1 %","0.71","2",".384",".488",".872",".187","2.9",".315","47","14.3",".377","142","5235"
"Ronald Acuna Jr.","Braves","351","8.0 %","26.8 %","0.30","13",".353",".536",".890",".246","6.0",".357","59","17.8",".377","136","18401"
"Matt Chapman","Athletics","438","9.6 %","23.3 %","0.41","1",".354",".532",".886",".258","4.3",".322","73","22.0",".376","142","16505"
"Charlie Blackmon","Rockies","435","9.9 %","18.9 %","0.52","6",".362",".525",".886",".235","6.1",".323","73","21.7",".376","122","7859"
"Andrew Benintendi","Red Sox","497","12.1 %","13.3 %","0.91","17",".387",".490",".877",".184","6.6",".333","83","24.8",".376","135","17901"
"Scooter Gennett","Reds","436","6.9 %","18.8 %","0.37","4",".368",".514",".882",".196","4.1",".359","72","21.3",".375","134","10339"
"Jeff McNeil","Mets","186","5.4 %","9.7 %","0.56","6",".396",".470",".866",".125","7.3",".378","31","9.1",".374","142","15362"
"Khris Davis","Athletics","477","7.5 %","26.0 %","0.29","0",".325",".572",".897",".315","2.2",".267","79","23.2",".374","141","9112"
"Adam Eaton","Nationals","319","11.0 %","16.3 %","0.67","9",".411",".434",".845",".120","5.6",".373","53","15.4",".374","134","11205"
"Manny Machado","- - -","494","8.7 %","17.4 %","0.50","9",".358",".539",".897",".242","4.6",".317","82","24.2",".374","139","11493"
"Jose Altuve","Astros","437","8.9 %","14.0 %","0.64","15",".394",".469",".863",".140","5.3",".369","72","21.1",".374","142","5417"
"Joc Pederson","Dodgers","386","9.6 %","20.2 %","0.47","1",".338",".556",".893",".295","4.1",".269","64","18.6",".374","139","11899"
"Travis Shaw","Brewers","454","13.7 %","18.5 %","0.74","3",".357",".535",".892",".285","2.3",".241","75","21.9",".374","134","11982"
"Justin Upton","Angels","470","11.1 %","28.7 %","0.39","7",".366",".509",".875",".232","4.1",".348","77","22.5",".373","141","5222"
"J.T. Realmuto","Marlins","413","7.5 %","19.4 %","0.39","3",".360",".515",".875",".217","3.8",".335","68","19.7",".373","140","11739"
"Freddie Freeman","Braves","473","10.8 %","18.0 %","0.60","4",".385",".493",".878",".184","4.0",".358","77","21.8",".371","132","5361"
"Justin Smoak","Blue Jays","402","15.9 %","27.4 %","0.58","0",".366",".501",".867",".257","1.5",".300","65","18.3",".370","136","9054"
"Juan Lagares","Mets","31","0.0 %","3.2 %","0.00","0",".387",".483",".870",".103","5.1",".379","5","1.4",".370","138","5384"
"Yandy Diaz","Indians","71","9.9 %","16.9 %","0.58","0",".394",".453",".847",".125","3.4",".392","11","3.2",".370","131","16578"
"Cody Bellinger","Dodgers","422","11.6 %","23.0 %","0.51","9",".363",".518",".880",".240","7.0",".328","68","18.9",".369","137","15998"
"Jesus Aguilar","Brewers","413","9.2 %","26.4 %","0.35","0",".341",".535",".876",".263","1.3",".306","66","18.1",".368","130","11342"
"Jorge Polanco","Twins","224","9.4 %","17.4 %","0.54","3",".387",".457",".845",".141","5.0",".382","36","9.7",".368","132","13152"
"Lonnie Chisenhall","Indians","87","8.0 %","11.5 %","0.70","1",".395",".455",".850",".130","5.4",".364","14","3.8",".368","130","7571"
"Miguel Andujar","Yankees","433","3.2 %","15.7 %","0.21","1",".335",".534",".869",".225","2.9",".329","69","18.7",".368","133","15878"
"Daniel Murphy","- - -","264","5.7 %","9.5 %","0.60","3",".356",".508",".864",".190","3.3",".319","42","11.3",".367","130","4316"
"Aaron Hicks","Yankees","415","16.6 %","19.0 %","0.87","9",".383",".463",".845",".205","5.4",".282","66","17.5",".367","132","5297"
"Miguel Cabrera","Tigers","121","13.2 %","15.7 %","0.84","0",".397",".471",".868",".163","0.8",".349","19","5.1",".366","132","1744"
"Kendrys Morales","Blue Jays","320","12.5 %","20.3 %","0.62","1",".366",".495",".860",".220","1.4",".296","51","13.1",".365","132","8610"
"Yoenis Cespedes","Mets","120","5.0 %","30.0 %","0.17","3",".325",".550",".875",".261","4.6",".348","19","4.9",".364","135","13110"
"Adam Frazier","Pirates","282","9.2 %","13.1 %","0.70","1",".363",".490",".853",".199","3.8",".311","44","11.4",".364","131","15223"
"Howie Kendrick","Nationals","114","2.6 %","17.5 %","0.15","1",".351",".509",".860",".185","3.4",".372","18","4.6",".364","127","4229"
"Jed Lowrie","Athletics","469","12.4 %","18.8 %","0.66","0",".365",".477",".841",".204","1.8",".305","73","18.4",".363","133","4418"
"Omar Narvaez","White Sox","265","10.2 %","19.2 %","0.53","0",".371",".466",".837",".169","1.2",".347","41","10.3",".363","132","13338"
"Nick Martini","Athletics","168","11.9 %","20.2 %","0.59","0",".399",".431",".829",".125","4.5",".391","26","6.5",".362","133","12005"
"Matt Holliday","Rockies","25","16.0 %","40.0 %","0.40","0",".360",".476",".836",".238","0.1",".400","4","1.0",".362","112","1873"
"Mitch Haniger","Mariners","488","9.8 %","21.1 %","0.47","7",".355",".493",".847",".219","4.3",".307","76","18.7",".362","135","14274"
"Javier Baez","Cubs","500","3.8 %","28.0 %","0.14","15",".317",".549",".865",".263","7.1",".352","77","19.0",".361","127","12979"
"Yasmani Grandal","Dodgers","387","12.7 %","22.0 %","0.58","2",".351",".492",".844",".240","3.6",".278","60","14.7",".361","131","11368"
"Gregory Polanco","Pirates","392","12.0 %","21.7 %","0.55","10",".344",".521",".864",".265","6.8",".282","60","14.6",".360","128","12907"
"Jose Martinez","Cardinals","451","7.5 %","18.0 %","0.42","0",".366",".468",".834",".155","1.5",".359","70","16.8",".360","128","7996"
"Ramon Laureano","Athletics","122","5.7 %","28.7 %","0.20","5",".344",".505",".849",".207","7.6",".384","19","4.5",".360","131","17128"
"Austin Wynns","Orioles","70","4.3 %","18.6 %","0.23","0",".328",".516",".844",".219","2.6",".319","11","2.6",".360","128","15271"
"Trevor Story","Rockies","463","6.9 %","26.8 %","0.26","23",".330",".521",".852",".244","6.6",".338","71","17.0",".360","111","12564"
"Jose Rondon","White Sox","58","6.9 %","24.1 %","0.29","2",".310",".537",".847",".278","4.6",".278","9","2.1",".358","129","14140"
"Steve Pearce","- - -","131","11.5 %","17.6 %","0.65","0",".359",".469",".828",".204","1.6",".282","20","4.6",".358","124","9957"
"Didi Gregorius","Yankees","409","9.0 %","12.2 %","0.74","7",".335",".519",".854",".256","5.5",".247","62","14.4",".358","126","6012"
"Ben Zobrist","Cubs","385","11.7 %","12.2 %","0.96","3",".377",".452",".828",".157","4.0",".316","59","13.6",".358","125","7435"
"Raimel Tapia","Rockies","19","5.3 %","31.6 %","0.17","0",".263",".611",".874",".389","5.1",".273","3","0.7",".358","109","14350"
"Daniel Vogelbach","Mariners","79","13.9 %","20.3 %","0.69","0",".367",".448",".815",".194","0.3",".277","12","2.7",".357","132","14130"
"Stephen Piscotty","Athletics","417","5.8 %","18.5 %","0.31","1",".331",".511",".841",".232","2.3",".299","63","14.4",".357","129","13367"
"Tyler White","Astros","165","8.5 %","18.2 %","0.47","0",".327",".510",".837",".245","1.2",".277","25","5.7",".357","130","15564"
"Eugenio Suarez","Reds","428","8.9 %","24.3 %","0.37","1",".341",".499",".840",".231","3.0",".305","65","14.5",".356","122","12552"
"Francisco Cervelli","Pirates","301","11.0 %","20.6 %","0.53","0",".375",".436",".811",".172","3.3",".317","45","10.0",".355","125","5275"
"Jake Cave","Twins","237","6.3 %","30.8 %","0.21","2",".335",".509",".844",".222","5.9",".382","35","7.7",".355","123","14477"
"Billy McKinney","- - -","109","8.3 %","25.7 %","0.32","1",".339",".490",".829",".214","3.1",".333","16","3.5",".354","125","15654"
"Christin Stewart","Tigers","58","12.1 %","20.7 %","0.58","0",".362",".460",".822",".180","3.3",".324","9","1.8",".354","124","17714"
"Matt Olson","Athletics","449","11.4 %","25.8 %","0.44","0",".336",".494",".830",".249","1.9",".281","67","14.2",".353","127","14344"
"Nick Markakis","Braves","457","11.4 %","9.4 %","1.21","1",".379",".450",".828",".146","2.3",".315","68","14.3",".353","120","5930"
"Kyle Schwarber","Cubs","419","15.3 %","26.7 %","0.57","3",".356",".503",".859",".261","4.0",".276","62","13.0",".353","121","16478"
"Eric Hosmer","Padres","435","10.3 %","22.5 %","0.46","4",".368",".462",".829",".167","2.4",".363","64","13.5",".353","124","3516"
"Wilson Ramos","- - -","302","8.3 %","18.9 %","0.44","0",".358",".460",".818",".159","1.4",".351","45","9.3",".353","125","1433"
"Tim Locastro","Dodgers","4","25.0 %","0.0 %","1.00","4",".500",".000",".500",".000","7.5",".000","1","0.1",".352","125","15124"
"Andrew Velazquez","Rays","9","11.1 %","33.3 %","0.33","1",".444",".286",".730",".000","7.1",".500","1","0.3",".352","126","14196"
"Eddie Rosario","Twins","408","5.6 %","17.4 %","0.32","4",".328",".509",".838",".219","4.1",".310","60","12.4",".352","121","12155"
"Edwin Encarnacion","Indians","433","8.8 %","23.6 %","0.37","1",".329",".503",".831",".247","2.8",".274","64","13.1",".352","119","2151"
"Domingo Santana","Brewers","170","8.2 %","33.5 %","0.25","1",".359",".458",".816",".157","3.5",".447","25","5.2",".352","119","10348"
"Franchy Cordero","Padres","108","12.0 %","34.3 %","0.35","4",".343",".474",".816",".221","6.5",".358","16","3.3",".352","123","14567"
"Tommy Pham","- - -","429","10.7 %","25.9 %","0.41","8",".352",".463",".815",".193","6.6",".343","63","13.0",".352","124","2967"
"Michael Reed","Braves","5","0.0 %","40.0 %","0.00","0",".400",".400",".800",".000","2.6",".667","1","0.2",".352","119","13228"
"A.J. Pollock","Diamondbacks","305","6.9 %","21.6 %","0.32","8",".336",".495",".830",".220","7.0",".317","45","9.2",".352","119","9256"
"Asdrubal Cabrera","- - -","425","7.5 %","20.9 %","0.36","0",".327",".497",".824",".231","2.0",".301","62","12.7",".351","124","4962"
"Eduardo Escobar","- - -","421","7.4 %","21.4 %","0.34","1",".323",".523",".846",".255","3.4",".304","62","12.5",".351","120","6153"
"Jon Berti","Blue Jays","7","0.0 %","28.6 %","0.00","0",".286",".571",".857",".286","5.1",".400","1","0.2",".351","123","12037"
"Robinson Cano","Mariners","224","8.5 %","14.3 %","0.59","0",".353",".465",".818",".178","1.3",".307","33","6.5",".350","127","3269"
"Carlos Gonzalez","Rockies","358","8.7 %","23.5 %","0.37","4",".344",".485",".828",".201","5.1",".346","52","10.3",".350","104","7287"
"Brandon Belt","Giants","299","11.4 %","23.4 %","0.49","4",".358",".464",".822",".194","4.5",".326","44","8.6",".350","122","10264"
"Nelson Cruz","Mariners","421","7.6 %","20.9 %","0.36","0",".328",".489",".817",".237","0.8",".261","61","12.0",".350","126","2434"
"Daniel Robertson","Rays","244","11.9 %","25.8 %","0.46","2",".381",".402",".783",".137","2.4",".353","35","6.9",".349","124","14145"
"Justin Bour","- - -","354","15.0 %","24.0 %","0.62","2",".356",".463",".819",".221","2.8",".274","51","10.0",".349","123","9744"
"Enrique Hernandez","Dodgers","237","11.4 %","18.1 %","0.63","2",".338",".495",".833",".243","5.6",".258","34","6.7",".349","123","10472"
"Mitch Garver","Twins","228","8.3 %","23.7 %","0.35","0",".352",".454",".806",".166","2.4",".363","33","6.4",".349","119","15161"
"Ian Happ","Cubs","345","16.8 %","35.4 %","0.48","4",".374",".442",".816",".198","4.1",".377","50","9.4",".348","118","17919"
"Francisco Lindor","Indians","544","8.5 %","15.3 %","0.55","18",".325",".496",".821",".243","5.8",".250","78","14.8",".348","117","12916"
"Corey Dickerson","Pirates","402","4.0 %","13.4 %","0.30","8",".331",".496",".827",".194","5.7",".324","58","10.9",".348","120","10762"
"Corey Seager","Dodgers","75","13.3 %","13.3 %","1.00","0",".400",".387",".787",".097","1.6",".327","11","2.0",".348","122","13624"
"Nolan Arenado","Rockies","467","9.4 %","19.3 %","0.49","2",".339",".483",".822",".216","2.3",".288","67","12.5",".348","103","9777"
"Pablo Sandoval","Giants","193","7.8 %","22.3 %","0.35","0",".342",".474",".816",".194","2.0",".328","28","5.1",".347","121","5409"
"Maikel Franco","Phillies","345","5.5 %","13.9 %","0.40","1",".325",".502",".826",".215","1.7",".288","49","9.2",".347","118","12179"
"Lucas Duda","- - -","265","9.1 %","26.0 %","0.35","1",".336",".477",".813",".213","3.0",".323","38","7.0",".347","118","2502"
"Curtis Granderson","- - -","375","13.6 %","24.8 %","0.55","2",".355",".444",".798",".197","4.2",".307","54","9.9",".347","119","4747"
"Matt Kemp","Dodgers","309","7.4 %","22.0 %","0.34","0",".350",".462",".812",".161","1.4",".357","44","8.1",".347","121","5631"
"Charlie Culberson","Braves","207","6.8 %","28.5 %","0.24","3",".338",".481",".820",".206","5.2",".355","29","5.3",".346","115","3298"
"Johan Camargo","Braves","370","10.5 %","20.8 %","0.51","0",".357",".446",".803",".173","2.5",".321","53","9.4",".346","115","14950"
"Starling Marte","Pirates","453","5.3 %","17.0 %","0.31","28",".336",".471",".808",".181","7.2",".324","64","11.5",".346","119","9241"
"Daniel Palka","White Sox","366","6.3 %","32.5 %","0.19","0",".298",".526",".824",".278","3.5",".303","52","9.1",".345","120","14897"
"Peter O'Brien","Marlins","60","8.3 %","30.0 %","0.28","0",".317",".500",".817",".241","0.7",".324","8","1.5",".345","121","13288"
"Darnell Sweeney","Blue Jays","2","50.0 %","0.0 %","1.00","0",".500",".000",".500",".000","0.1",".000","0","0.0",".345","118","13284"
"Edmundo Sosa","Cardinals","2","50.0 %","50.0 %","1.00","0",".500",".000",".500",".000","2.6",".000","0","0.0",".345","118","17022"
"Brandon Lowe","Rays","114","12.3 %","23.7 %","0.52","2",".351",".443",".794",".196","6.5",".309","16","2.8",".344","121","18882"
"Danny Jansen","Blue Jays","72","8.3 %","16.7 %","0.50","0",".333",".468",".801",".226","2.3",".250","10","1.7",".344","118","16535"
"Leonys Martin","- - -","273","9.5 %","20.9 %","0.46","6",".348",".451",".799",".172","5.4",".328","38","6.5",".344","117","11846"
"Nicholas Castellanos","Tigers","516","7.0 %","23.3 %","0.30","2",".329",".478",".807",".205","4.0",".331","73","12.3",".344","117","11737"
"Wilmer Flores","Mets","281","6.8 %","10.7 %","0.63","0",".338",".466",".804",".183","1.2",".281","39","6.6",".344","121","5827"
"Andrew McCutchen","- - -","459","14.6 %","21.1 %","0.69","12",".370",".407",".777",".157","4.8",".297","64","10.7",".343","118","9847"
"Matt Adams","- - -","294","8.8 %","22.1 %","0.40","0",".316",".494",".811",".253","0.9",".244","41","6.8",".343","114","9393"
"Tyler Saladino","- - -","90","4.4 %","28.9 %","0.15","1",".318",".482",".800",".205","2.2",".346","13","2.0",".343","113","10807"
"Willy Adames","Rays","230","9.1 %","27.4 %","0.33","6",".354",".432",".786",".146","3.6",".375","32","5.3",".343","120","15986"
"Joey Gallo","Rangers","405","15.1 %","34.1 %","0.44","3",".326",".478",".804",".274","2.3",".250","57","9.2",".343","109","14128"
"Josh Bell","Pirates","425","13.9 %","16.5 %","0.84","1",".365",".416",".781",".152","3.2",".301","59","9.2",".341","116","13145"
"Michael Conforto","Mets","447","14.8 %","22.4 %","0.66","1",".358",".436",".794",".195","2.5",".278","62","9.6",".341","119","16376"
"Jurickson Profar","Rangers","406","8.6 %","15.3 %","0.56","8",".330",".462",".792",".216","6.6",".255","56","8.7",".341","108","10815"
"Brock Holt","Red Sox","291","8.9 %","17.2 %","0.52","5",".354",".434",".788",".160","4.3",".313","40","6.2",".341","111","9345"
"Nolan Fontana","Angels","8","12.5 %","25.0 %","0.50","0",".250",".571",".821",".429","0.1",".000","1","0.2",".340","118","13267"
"Rene Rivera","- - -","55","1.8 %","43.6 %","0.04","0",".291",".509",".800",".245","1.6",".423","8","1.1",".339","118","3648"
"Randal Grichuk","Blue Jays","312","5.4 %","26.0 %","0.21","2",".295",".505",".800",".268","3.2",".265","43","6.2",".339","114","10243"
"Chris Taylor","Dodgers","390","7.7 %","33.1 %","0.23","4",".333",".453",".786",".188","5.9",".388","53","7.6",".339","116","13757"
"Gleyber Torres","Yankees","350","8.0 %","23.7 %","0.34","5",".341",".444",".785",".166","3.1",".335","48","6.8",".338","113","16997"
"Colin Moran","Pirates","396","8.1 %","16.4 %","0.49","0",".354",".436",".790",".142","1.5",".327","54","7.6",".338","113","16909"
"Gerardo Parra","Rockies","340","7.6 %","15.9 %","0.48","10",".369",".407",".776",".098","3.8",".360","46","6.5",".338","96","8553"
"Adrian Beltre","Rangers","335","6.9 %","18.8 %","0.37","1",".334",".455",".790",".175","2.2",".313","46","6.4",".338","106","639"
"Tyler O'Neill","Cardinals","109","3.7 %","41.3 %","0.09","1",".294",".510",".804",".260","4.8",".360","15","2.0",".338","113","15711"
"Eric Thames","Brewers","249","10.8 %","34.9 %","0.31","6",".313",".491",".804",".268","7.6",".288","34","4.6",".338","110","3711"
"Renato Nunez","- - -","171","7.6 %","22.8 %","0.33","0",".333",".445",".778",".181","1.6",".324","23","3.2",".338","112","14503"
"Giancarlo Stanton","Yankees","531","9.4 %","31.1 %","0.30","4",".328",".465",".792",".215","3.2",".322","72","9.9",".337","112","4949"
"Mike Moustakas","- - -","439","9.3 %","16.9 %","0.55","3",".321",".477",".798",".230","2.9",".251","59","8.1",".337","111","4892"
"Tony Kemp","Astros","216","11.6 %","13.0 %","0.89","9",".357",".413",".770",".152","4.8",".278","29","4.0",".337","117","14894"
"Nomar Mazara","Rangers","349","9.7 %","18.6 %","0.52","0",".341",".442",".783",".174","1.4",".298","47","6.4",".337","106","14553"
"Lorenzo Cain","Brewers","458","11.1 %","17.0 %","0.65","24",".376",".378",".753",".093","5.8",".340","62","8.2",".337","109","9077"
"David Freese","- - -","157","5.7 %","24.2 %","0.24","0",".331",".455",".786",".182","3.0",".330","21","2.8",".337","113","9549"
"Joey Wendle","Rays","443","5.6 %","17.2 %","0.33","12",".349",".435",".784",".135","5.6",".349","60","7.8",".336","115","13853"
"Hunter Renfroe","Padres","270","5.9 %","27.4 %","0.22","0",".293",".510",".803",".265","1.4",".269","36","4.6",".335","112","15464"
"Nick Williams","Phillies","357","7.6 %","22.7 %","0.33","2",".328",".452",".780",".191","4.1",".306","48","6.0",".335","110","14330"
"Scott Schebler","Reds","298","11.4 %","25.2 %","0.45","4",".339",".431",".770",".196","3.2",".282","40","5.0",".335","108","12225"
"Mallex Smith","Rays","429","9.3 %","16.8 %","0.56","27",".362",".399",".761",".114","7.6",".345","57","7.1",".335","114","13608"
"Adalberto Mondesi","Royals","198","4.5 %","29.8 %","0.15","21",".303",".486",".789",".216","8.4",".347","26","3.2",".335","110","13769"
"Yonder Alonso","Indians","436","9.9 %","19.7 %","0.50","0",".330",".446",".776",".188","0.9",".282","58","6.9",".334","107","2530"
"Victor Robles","Nationals","38","2.6 %","23.7 %","0.11","1",".289",".514",".804",".257","8.6",".280","5","0.6",".334","107","18363"
"Mitch Moreland","Red Sox","354","11.6 %","20.9 %","0.55","2",".331",".450",".780",".204","4.6",".279","47","5.5",".334","106","3086"
"Robinson Chirinos","Rangers","305","9.5 %","34.1 %","0.28","1",".338",".419",".756",".198","3.1",".310","40","4.7",".333","103","3142"
"Paul DeJong","Cardinals","363","5.8 %","23.7 %","0.24","1",".317",".461",".777",".206","2.8",".296","48","5.5",".333","110","18015"
"Daniel Descalso","Diamondbacks","349","16.0 %","24.9 %","0.64","0",".351",".416",".767",".189","3.5",".287","46","5.3",".333","107","8392"
"Teoscar Hernandez","Blue Jays","357","7.6 %","30.8 %","0.25","3",".311",".472",".783",".222","5.2",".333","47","5.4",".333","111","13066"
"Brian Anderson","Marlins","499","8.0 %","19.0 %","0.42","2",".357",".402",".759",".122","3.8",".339","66","7.4",".333","113","18289"
"Christian Arroyo","Rays","29","13.8 %","24.1 %","0.57","0",".379",".360",".739",".080","1.2",".389","4","0.4",".333","113","16434"
"Ronald Guzman","Rangers","322","8.7 %","28.9 %","0.30","1",".326",".448",".774",".203","3.6",".315","42","4.7",".333","102","14388"
"George Springer","Astros","439","10.3 %","18.0 %","0.57","5",".340",".417",".757",".161","3.7",".288","58","6.3",".332","114","12856"
"Kris Bryant","Cubs","361","11.1 %","21.3 %","0.52","2",".363",".386",".749",".142","3.8",".305","47","5.1",".332","108","15429"
"Derek Dietrich","Marlins","445","6.3 %","23.8 %","0.26","2",".342",".420",".762",".147","3.7",".346","58","6.2",".332","112","10542"
"Alex Verdugo","Dodgers","67","11.9 %","17.9 %","0.67","0",".358",".390",".748",".119","2.0",".326","9","0.9",".332","111","17027"
"Mason Williams","Reds","112","5.4 %","21.4 %","0.25","1",".345",".423",".769",".115","3.5",".385","15","1.5",".331","105","11859"
"Alen Hanson","Giants","234","3.0 %","20.9 %","0.14","6",".297",".484",".782",".211","7.4",".317","30","3.1",".331","109","12926"
"Kurt Suzuki","Braves","293","5.5 %","9.6 %","0.57","0",".334",".429",".763",".158","1.4",".274","38","3.6",".330","105","8259"
"Franklin Barreto","Athletics","48","0.0 %","37.5 %","0.00","0",".271",".511",".781",".255","2.3",".346","6","0.6",".330","110","15519"
"Rougned Odor","Rangers","341","7.9 %","24.0 %","0.33","9",".321",".452",".773",".201","4.9",".294","44","4.2",".330","101","12282"
"Keon Broxton","Brewers","57","8.8 %","26.3 %","0.33","3",".281",".500",".781",".288","8.8",".212","7","0.7",".330","105","9253"
"Francisco Mejia","- - -","32","12.5 %","34.4 %","0.36","0",".313",".444",".757",".259","0.4",".214","4","0.4",".330","109","16403"
"Ben Gamel","Mariners","241","10.8 %","19.9 %","0.54","7",".369",".373",".742",".090","6.1",".362","31","2.9",".330","113","12160"
"Jackie Bradley Jr.","Red Sox","404","9.7 %","22.3 %","0.43","15",".332",".437",".768",".186","7.2",".302","52","4.9",".329","103","12984"
"Whit Merrifield","Royals","510","9.0 %","16.5 %","0.55","27",".352",".398",".750",".116","5.3",".329","66","5.9",".329","106","11281"
"Kolten Wong","Cardinals","311","7.4 %","15.4 %","0.48","5",".341",".411",".752",".159","4.2",".279","40","3.5",".328","107","12532"
"C.J. Cron","Rays","390","5.9 %","25.1 %","0.23","1",".300",".467",".767",".236","1.9",".252","50","4.3",".328","110","12546"
"Yoan Moncada","White Sox","482","10.4 %","33.2 %","0.31","11",".324",".435",".759",".191","6.1",".353","62","5.3",".328","108","17232"
"Erik Gonzalez","Indians","83","2.4 %","24.1 %","0.10","2",".337",".418",".755",".114","7.3",".407","11","0.9",".328","103","13369"
"Ian Kinsler","- - -","390","8.2 %","12.3 %","0.67","15",".326",".430",".756",".171","4.6",".266","50","4.0",".327","107","6195"
"Aledmys Diaz","Blue Jays","338","3.8 %","13.0 %","0.30","3",".305",".467",".772",".191","2.7",".282","43","3.4",".327","106","15937"
"Jose Bautista","- - -","267","15.0 %","29.2 %","0.51","3",".341",".397",".738",".179","3.6",".290","34","2.6",".327","109","1887"
"Blake Swihart","Red Sox","143","8.4 %","24.5 %","0.34","5",".336",".412",".748",".137","5.9",".355","18","1.4",".327","101","13176"
"Trea Turner","Nationals","551","8.5 %","20.1 %","0.42","29",".335",".412",".748",".147","6.4",".314","70","5.3",".326","102","16252"
"Carlos Santana","Phillies","503","17.5 %","15.3 %","1.14","2",".352",".396",".747",".177","2.5",".227","63","4.6",".326","104","2396"
"Mark Trumbo","Orioles","258","6.6 %","25.2 %","0.26","0",".310",".448",".758",".188","1.5",".307","33","2.4",".326","105","6876"
"Josh Donaldson","- - -","151","13.9 %","23.2 %","0.60","1",".338",".419",".756",".186","3.0",".278","19","1.4",".326","104","5038"
"Mark Reynolds","Nationals","153","8.5 %","27.5 %","0.31","0",".288",".486",".773",".268","1.1",".221","19","1.4",".326","101","7619"
"Jose Abreu","White Sox","438","5.9 %","18.3 %","0.33","1",".315",".454",".769",".195","2.3",".281","55","4.0",".326","107","15676"
"Andrelton Simmons","Angels","418","5.0 %","8.1 %","0.62","8",".338",".418",".756",".119","5.9",".314","52","3.6",".325","108","10847"
"Cedric Mullins II","Orioles","136","6.6 %","14.0 %","0.47","2",".319",".432",".751",".168","2.7",".284","17","1.1",".325","104","17929"
"Jorge Soler","Royals","192","9.9 %","27.1 %","0.37","1",".333",".408",".742",".160","2.0",".327","24","1.6",".325","103","14221"
"J.P. Crawford","Phillies","115","7.8 %","26.1 %","0.30","2",".319",".430",".749",".200","7.0",".299","14","0.9",".325","103","15491"
"Todd Frazier","Mets","343","9.3 %","22.4 %","0.42","5",".318",".434",".752",".202","3.6",".256","43","2.7",".324","108","785"
"Alex Gordon","Royals","403","8.7 %","21.6 %","0.40","10",".335",".415",".750",".156","3.9",".309","50","3.1",".324","103","5209"
"Brandon Barnes","Indians","13","7.7 %","15.4 %","0.50","0",".385",".333",".718",".000","0.1",".400","2","0.1",".324","100","629"
"Rafael Devers","Red Sox","365","8.5 %","24.7 %","0.34","4",".307",".464",".771",".220","3.0",".279","45","2.7",".324","99","17350"
"Garrett Hampson","Rockies","38","13.2 %","28.9 %","0.45","1",".342",".394",".736",".152","6.1",".364","5","0.3",".323","87","19262"
"Jake Bauers","Rays","282","14.9 %","26.6 %","0.56","6",".331",".409",".740",".198","4.7",".261","35","1.9",".323","106","15194"
"Matt Duffy","Rays","410","7.6 %","16.1 %","0.47","10",".359",".372",".731",".075","4.1",".352","51","2.8",".323","106","13836"
"Max Stassi","Astros","150","11.3 %","29.3 %","0.39","0",".333",".395",".729",".171","1.7",".300","19","1.0",".323","107","10059"
"Denard Span","- - -","398","9.8 %","15.3 %","0.64","7",".329",".413",".742",".162","6.4",".277","49","2.5",".322","107","8347"
"Chris Iannetta","Rockies","224","12.9 %","26.3 %","0.49","0",".336",".412",".748",".193","2.3",".270","27","1.3",".322","86","8267"
"Franmil Reyes","Padres","191","6.8 %","28.8 %","0.24","0",".298",".449",".748",".202","1.2",".301","23","1.0",".321","103","14566"
"Preston Tucker","- - -","165","7.9 %","23.6 %","0.33","0",".315",".426",".741",".182","1.4",".288","20","0.9",".321","99","13633"
"Cesar Hernandez","Phillies","532","13.2 %","23.1 %","0.57","14",".350",".374",".725",".128","5.2",".306","65","2.5",".320","100","10556"
"Jason Heyward","Cubs","388","9.0 %","11.6 %","0.78","0",".334",".401",".735",".135","3.9",".286","47","1.7",".320","100","4940"
"Jean Segura","Mariners","450","4.2 %","11.6 %","0.37","12",".333",".404",".737",".104","4.7",".327","54","1.7",".319","106","5933"
"Cory Spangenberg","Padres","261","8.8 %","31.4 %","0.28","4",".332",".393",".725",".132","5.2",".377","31","0.9",".319","101","12294"
"Brad Miller","- - -","209","10.0 %","33.0 %","0.30","0",".321",".419",".740",".172","2.7",".360","25","0.6",".318","101","12775"
"Adam Jones","Orioles","441","4.3 %","17.5 %","0.25","7",".313",".427",".739",".149","3.2",".313","53","1.1",".318","99","6368"
"Jason Kipnis","Indians","439","10.5 %","17.5 %","0.60","7",".323",".402",".725",".168","4.3",".257","52","1.0",".317","96","9776"
"Travis Jankowski","Padres","315","9.5 %","15.2 %","0.63","21",".345",".371",".716",".095","6.5",".320","37","0.7",".317","100","13768"
"Trey Mancini","Orioles","448","6.9 %","24.1 %","0.29","0",".304",".438",".741",".188","1.9",".289","53","0.9",".317","99","15149"
"Yairo Munoz","Cardinals","227","6.6 %","21.1 %","0.31","4",".339",".391",".731",".111","3.0",".342","27","0.3",".316","99","16313"
"Wil Myers","Padres","202","6.9 %","28.7 %","0.24","8",".307",".428",".735",".171","6.5",".344","24","0.2",".316","100","10047"
"Jim Adduci","Tigers","165","3.6 %","23.6 %","0.15","1",".313",".423",".736",".135","5.0",".365","19","0.2",".316","98","6448"
"Yadier Molina","Cardinals","381","5.8 %","12.6 %","0.46","4",".310",".424",".733",".164","2.7",".259","45","0.4",".316","99","7007"
"Ildemaro Vargas","Diamondbacks","12","0.0 %","25.0 %","0.00","0",".250",".500",".750",".250","0.1",".250","1","0.0",".316","95","13324"
"Elias Diaz","Pirates","193","9.3 %","17.1 %","0.55","0",".326",".404",".730",".146","0.9",".281","23","0.2",".316","98","11680"
"Jorge Alfaro","Phillies","283","3.9 %","37.8 %","0.10","2",".325",".407",".732",".143","2.9",".417","33","0.2",".315","97","12180"
"Ryan Braun","Brewers","296","5.4 %","20.6 %","0.26","7",".299",".444",".743",".185","4.9",".293","35","0.1",".315","95","3410"
"Manny Pina","Brewers","259","5.8 %","18.1 %","0.32","2",".317",".422",".739",".160","4.6",".293","30","0.1",".315","95","2829"
"Joe Mauer","Twins","401","10.2 %","14.7 %","0.69","0",".348",".376",".724",".101","2.3",".318","47","0.1",".315","96","1857"
"Marwin Gonzalez","Astros","375","11.2 %","23.5 %","0.48","1",".327",".395",".722",".160","3.1",".288","44","0.0",".315","102","5497"
"Niko Goodrum","Tigers","360","8.1 %","30.0 %","0.27","6",".294",".440",".734",".215","4.4",".284","42","-0.1",".314","97","12092"
"Yolmer Sanchez","White Sox","512","7.0 %","18.9 %","0.37","10",".316",".408",".724",".152","6.0",".305","60","-0.3",".314","99","11602"
"Max Kepler","Twins","444","12.6 %","13.5 %","0.93","4",".318",".403",".720",".187","4.6",".219","52","-0.3",".314","95","12144"
"A.J. Ellis","Padres","102","13.7 %","20.6 %","0.67","0",".364",".325",".689",".072","0.9",".333","12","-0.1",".314","98","5677"
"Jose Fernandez","Angels","104","5.8 %","10.6 %","0.55","1",".317",".402",".719",".134","2.6",".286","12","-0.1",".313","100","19254"
"Jose Peraza","Reds","482","4.8 %","12.0 %","0.40","12",".321",".407",".728",".130","5.6",".297","56","-0.6",".313","93","13593"
"Melky Cabrera","Indians","205","8.3 %","11.2 %","0.74","1",".327",".396",".722",".126","2.3",".281","24","-0.3",".313","93","4022"
"Ender Inciarte","Braves","484","7.6 %","12.6 %","0.61","18",".324",".395",".719",".132","6.1",".288","56","-0.6",".313","93","4922"
"Phillip Ervin","Reds","164","8.5 %","22.6 %","0.38","3",".335",".380",".716",".127","4.3",".308","19","-0.2",".313","93","14738"
"Tommy La Stella","Cubs","168","7.7 %","13.1 %","0.59","0",".349",".358",".707",".073","2.1",".328","19","-0.2",".313","95","12371"
"Odubel Herrera","Phillies","458","7.2 %","20.1 %","0.36","3",".306",".421",".727",".177","3.4",".272","53","-0.7",".313","95","11476"
"Chris Herrmann","Mariners","74","10.8 %","29.7 %","0.36","0",".311",".415",".726",".185","2.9",".310","9","-0.1",".313","101","9284"
"Brett Gardner","Yankees","455","11.2 %","16.0 %","0.70","16",".327",".385",".712",".151","8.4",".263","52","-0.8",".312","95","9927"
"Brian Goodwin","- - -","151","7.9 %","29.8 %","0.27","2",".311",".406",".717",".152","2.9",".337","17","-0.4",".311","93","12858"
"Yan Gomes","Indians","311","3.5 %","28.0 %","0.13","0",".293",".438",".731",".182","1.5",".321","36","-0.8",".311","92","9627"
"Lourdes Gurriel Jr.","Blue Jays","188","3.2 %","23.9 %","0.13","0",".294",".433",".727",".163","1.8",".315","21","-0.6",".311","95","19238"
"Neil Walker","Yankees","316","11.1 %","21.2 %","0.52","0",".326",".387",".713",".153","2.7",".270","36","-1.1",".310","93","7539"
"Chad Pinder","Athletics","181","6.6 %","25.4 %","0.26","0",".302",".411",".713",".178","3.7",".282","21","-0.7",".310","97","15191"
"Jonathan Villar","- - -","391","9.0 %","25.8 %","0.35","25",".328",".374",".702",".117","5.7",".332","44","-1.4",".310","93","10071"
"Willson Contreras","Cubs","410","7.8 %","21.0 %","0.37","3",".328",".373",".701",".124","4.1",".306","46","-1.8",".309","93","11609"
"Jedd Gyorko","Cardinals","290","10.7 %","20.7 %","0.52","1",".328",".374",".702",".130","3.1",".293","33","-1.2",".309","94","10816"
"Marcell Ozuna","Cardinals","479","5.8 %","18.0 %","0.33","3",".314",".402",".716",".133","3.2",".305","54","-2.1",".309","94","10324"
"Brian Dozier","- - -","438","9.4 %","20.3 %","0.46","9",".295",".423",".718",".205","5.5",".231","49","-1.9",".309","93","9810"
"Starlin Castro","Marlins","491","6.7 %","19.3 %","0.35","5",".320",".395",".715",".121","3.4",".323","55","-2.3",".309","97","4579"
"Austin Hedges","Padres","230","6.1 %","25.2 %","0.24","3",".287",".439",".726",".201","5.0",".284","26","-1.1",".309","95","12976"
"Buster Posey","Giants","297","8.4 %","12.5 %","0.68","1",".343",".354",".698",".078","2.2",".313","33","-1.6",".308","94","9166"
"Ryan Zimmerman","Nationals","239","6.7 %","18.0 %","0.37","1",".289",".429",".718",".201","3.0",".249","27","-1.3",".308","90","4220"
"Jake Lamb","Diamondbacks","184","10.9 %","26.1 %","0.42","1",".321",".381",".702",".144","3.0",".294","21","-1.0",".308","90","13329"
"Jon Jay","- - -","416","4.1 %","15.4 %","0.27","2",".323",".382",".705",".105","5.8",".324","46","-2.3",".308","91","5227"
"Tyler Austin","- - -","167","6.0 %","37.7 %","0.16","0",".275",".445",".721",".219","2.8",".310","19","-1.0",".307","91","11850"
"Austin Romine","Yankees","198","7.6 %","25.3 %","0.30","0",".299",".412",".712",".175","1.6",".279","22","-1.2",".307","91","5491"
"Curt Casali","Reds","102","7.8 %","24.5 %","0.32","0",".317",".391",".708",".141","1.9",".313","11","-0.6",".307","89","12510"
"Kevin Pillar","Blue Jays","386","3.6 %","19.4 %","0.19","13",".293",".424",".717",".165","5.2",".298","43","-2.4",".307","93","12434"
"Ryon Healy","Mariners","357","4.2 %","21.6 %","0.19","0",".280",".435",".715",".189","1.0",".265","39","-2.6",".306","97","15447"
"Joe Panik","Giants","272","6.6 %","9.2 %","0.72","3",".335",".371",".706",".089","4.5",".304","30","-2.0",".306","93","11936"
"Matt Wieters","Nationals","216","8.8 %","13.9 %","0.63","0",".321",".382",".703",".136","1.1",".261","24","-1.6",".305","88","4298"
"Mike Zunino","Mariners","276","5.4 %","35.5 %","0.15","0",".275",".439",".714",".221","0.7",".287","30","-2.1",".305","96","13265"
"Richard Urena","Blue Jays","85","8.2 %","29.4 %","0.28","2",".345",".338",".683",".052","3.2",".423","9","-0.7",".305","92","16411"
"Robbie Grossman","Twins","312","10.9 %","17.9 %","0.61","0",".332",".356",".688",".107","2.4",".298","34","-2.4",".305","89","5254"
"J.T. Riddle","Marlins","259","7.3 %","20.1 %","0.37","0",".304",".403",".707",".155","4.3",".291","28","-2.0",".305","94","17642"
"Salvador Perez","Royals","394","2.3 %","18.8 %","0.12","1",".266",".450",".717",".217","2.0",".235","43","-3.3",".305","89","7304"
"Zack Cozart","Angels","192","7.3 %","18.8 %","0.39","0",".313",".378",".690",".145","3.9",".273","21","-1.6",".305","94","2616"
"Dansby Swanson","Braves","419","7.9 %","22.2 %","0.35","6",".310",".405",".715",".157","4.4",".299","45","-3.8",".304","87","18314"
"Jace Peterson","- - -","205","11.7 %","24.9 %","0.47","10",".324",".358",".681",".136","6.7",".293","22","-1.9",".303","90","12325"
"Cameron Maybin","- - -","217","10.6 %","23.5 %","0.45","8",".332",".346",".677",".099","4.5",".314","23","-2.0",".303","93","5223"
"Harrison Bader","Cardinals","289","6.9 %","31.1 %","0.22","9",".317",".378",".695",".127","5.9",".354","31","-2.8",".303","90","18030"
"Wilmer Difo","Nationals","357","9.0 %","16.2 %","0.55","10",".319",".385",".704",".132","7.3",".288","38","-3.6",".302","86","14320"
"Albert Pujols","Angels","374","4.3 %","12.0 %","0.36","1",".294",".414",".708",".155","1.9",".265","40","-3.8",".302","93","1177"
"Greg Allen","Indians","239","5.0 %","18.0 %","0.28","18",".322",".369",".691",".101","8.3",".324","25","-2.5",".302","85","16623"
"Jacob Nottingham","Brewers","22","18.2 %","31.8 %","0.57","0",".364",".278",".641",".056","0.3",".364","2","-0.2",".302","86","16448"
"Charlie Tilson","White Sox","102","7.8 %","14.7 %","0.53","2",".350",".322",".672",".033","3.9",".342","11","-1.1",".302","90","12983"
"Russell Martin","Blue Jays","264","15.5 %","23.9 %","0.65","0",".330",".327",".657",".143","2.1",".219","28","-2.9",".301","89","4616"
"Nate Orf","Brewers","16","18.8 %","18.8 %","1.00","1",".313",".333",".646",".250","7.1",".000","2","-0.2",".301","86","15407"
"Austin Dean","Marlins","96","5.2 %","19.8 %","0.26","1",".292",".400",".692",".156","4.6",".269","10","-1.1",".301","91","18288"
"Miguel Sano","Twins","218","10.1 %","39.0 %","0.26","0",".284",".408",".693",".204","1.1",".304","23","-2.5",".300","86","12164"
"Welington Castillo","White Sox","128","3.9 %","27.3 %","0.14","1",".289",".405",".694",".157","3.0",".317","13","-1.5",".300","89","3256"
"Matt Davidson","White Sox","365","10.1 %","34.5 %","0.29","0",".296",".391",".687",".184","0.9",".280","38","-4.3",".300","89","7226"
"Carlos Correa","Astros","350","10.0 %","24.0 %","0.42","3",".300",".405",".705",".181","4.4",".251","37","-4.1",".300","92","14162"
"Travis d'Arnaud","Mets","12","8.3 %","25.0 %","0.33","0",".250",".455",".705",".273","0.1",".143","1","-0.1",".300","92","7739"
"Kevin Plawecki","Mets","219","9.6 %","23.3 %","0.41","0",".312",".369",".681",".166","2.1",".238","23","-2.7",".300","92","13807"
"David Fletcher","Angels","188","4.3 %","10.6 %","0.40","2",".321",".362",".682",".079","5.5",".318","20","-2.3",".300","91","17992"
"Jay Bruce","Mets","254","13.4 %","19.7 %","0.68","1",".323",".365",".688",".146","2.7",".256","27","-3.1",".300","92","9892"
"Ozzie Albies","Braves","488","5.9 %","18.0 %","0.33","12",".283",".412",".696",".182","7.0",".252","51","-6.1",".299","84","16556"
"Adrian Gonzalez","Mets","163","8.6 %","17.2 %","0.50","0",".307",".395",".701",".156","0.4",".254","17","-2.1",".299","91","1908"
"Tucker Barnhart","Reds","401","9.7 %","15.7 %","0.62","0",".313",".371",".684",".132","2.7",".265","42","-5.2",".299","83","10200"
"Matt Joyce","Athletics","222","14.4 %","22.1 %","0.65","0",".324",".351",".675",".138","2.4",".252","23","-2.9",".299","89","3353"
"Marcus Semien","Athletics","481","7.9 %","18.1 %","0.44","11",".315",".367",".682",".110","4.4",".301","50","-6.3",".299","89","12533"
"Yuli Gurriel","Astros","403","3.2 %","10.7 %","0.30","2",".303",".390",".693",".117","3.1",".290","42","-5.3",".299","91","19198"
"Hunter Dozier","Royals","260","3.1 %","28.5 %","0.11","1",".262",".442",".704",".203","4.8",".293","27","-3.6",".298","85","15117"
"Kevin Kiermaier","Rays","263","7.2 %","22.8 %","0.32","8",".298",".397",".694",".165","7.2",".283","27","-3.7",".298","89","11038"
"Mark Canha","Athletics","248","8.9 %","21.8 %","0.41","1",".323",".343",".665",".116","2.9",".283","25","-3.5",".297","88","11445"
"Austin Meadows","- - -","120","4.2 %","20.0 %","0.21","4",".308",".398",".707",".115","6.1",".337","12","-1.7",".297","86","15672"
"Albert Almora Jr.","Cubs","335","4.5 %","20.0 %","0.22","1",".315",".369",".684",".087","2.3",".343","34","-4.8",".297","84","14109"
"Ian Desmond","Rockies","428","9.6 %","25.5 %","0.38","10",".297",".382",".678",".166","7.0",".264","44","-6.4",".296","69","6885"
"Pedro Alvarez","Orioles","118","12.7 %","28.0 %","0.45","0",".280",".398",".678",".223","1.7",".175","12","-1.8",".296","85","2495"
"Adam Rosales","Indians","17","0.0 %","29.4 %","0.00","0",".235",".471",".706",".235","2.6",".273","2","-0.3",".296","81","9682"
"Devin Mesoraco","- - -","202","7.9 %","19.3 %","0.41","0",".287",".410",".697",".191","0.3",".228","21","-3.1",".296","88","5666"
"Eduardo Nunez","Red Sox","363","2.5 %","14.0 %","0.18","5",".287",".404",".691",".138","5.2",".290","37","-5.6",".296","80","6848"
"Evan Gattis","Astros","297","7.4 %","26.3 %","0.28","1",".276",".417",".693",".199","2.2",".243","30","-4.6",".296","89","11003"
"Nicky Delmonico","White Sox","264","7.6 %","22.7 %","0.33","1",".295",".385",".680",".159","4.4",".267","27","-4.2",".295","86","13157"
"Craig Gentry","Orioles","85","7.1 %","17.6 %","0.40","8",".333",".325",".658",".052","5.9",".339","9","-1.4",".295","84","9571"
"Luke Maile","Blue Jays","169","10.7 %","29.0 %","0.37","2",".331",".324",".656",".081","4.5",".360","17","-2.7",".295","85","13355"
"Brandon Crawford","Giants","384","9.4 %","21.1 %","0.44","4",".320",".372",".693",".129","2.8",".294","39","-6.1",".295","86","5343"
"Jonathan Schoop","- - -","340","2.6 %","24.1 %","0.11","1",".257",".442",".698",".212","3.4",".258","34","-5.5",".295","83","11265"
"Carlos Gomez","Rays","270","7.0 %","24.8 %","0.28","7",".306",".356",".662",".134","4.7",".279","27","-4.4",".295","87","4881"
"DJ LeMahieu","Rockies","392","7.1 %","15.6 %","0.46","2",".303",".373",".675",".123","3.0",".275","39","-6.4",".295","67","9874"
"Josh Reddick","Astros","343","11.4 %","15.7 %","0.72","4",".318",".351",".669",".120","3.3",".249","34","-5.7",".294","88","3892"
"Manuel Margot","Padres","346","6.9 %","15.9 %","0.44","11",".301",".383",".685",".134","6.3",".279","35","-5.9",".294","85","14712"
"Taylor Davis","Cubs","6","0.0 %","16.7 %","0.00","0",".333",".400",".733",".000","0.1",".400","1","-0.1",".293","82","12782"
"Terrance Gore","Cubs","3","0.0 %","33.3 %","0.00","6",".333",".333",".667",".000","7.5",".500","0","-0.1",".293","82","13658"
"Mark Zagunis","Cubs","3","0.0 %","33.3 %","0.00","0",".333",".333",".667",".000","0.1",".500","0","-0.1",".293","82","16565"
"Jung Ho Kang","Pirates","6","0.0 %","16.7 %","0.00","0",".333",".333",".667",".000","0.1",".400","1","-0.1",".293","83","17182"
"Pedro Florimon","Phillies","62","6.5 %","40.3 %","0.16","1",".258",".431",".689",".224","7.2",".323","6","-1.1",".293","82","8385"
"Gorkys Hernandez","Giants","289","5.9 %","25.6 %","0.23","5",".292",".386",".678",".148","4.9",".293","29","-5.2",".293","84","4146"
"Guillermo Heredia","Mariners","189","10.1 %","16.9 %","0.59","0",".319",".333",".652",".105","2.9",".271","19","-3.4",".293","87","18721"
"John Hicks","Tigers","222","5.4 %","28.8 %","0.19","0",".290",".383",".672",".134","2.5",".326","22","-4.1",".292","82","12547"
"Dominic Smith","Mets","129","2.3 %","31.8 %","0.07","0",".256",".432",".688",".200","2.9",".304","13","-2.4",".292","87","15653"
"Ehire Adrianza","Twins","265","6.0 %","21.5 %","0.28","3",".290",".389",".679",".143","4.3",".295","26","-4.9",".292","80","8418"
"Roman Quinn","Phillies","100","10.0 %","23.0 %","0.43","6",".323",".330",".653",".091","6.2",".323","10","-1.8",".292","81","13546"
"Joey Rickard","Orioles","144","6.3 %","20.8 %","0.30","4",".292",".376",".668",".143","6.0",".273","14","-2.7",".292","82","13277"
"Mikie Mahtook","Tigers","181","7.2 %","27.6 %","0.26","4",".282",".401",".683",".185","6.5",".252","18","-3.4",".292","82","13130"
"Jeimer Candelario","Tigers","456","12.1 %","26.1 %","0.46","3",".303",".358",".661",".159","4.3",".246","45","-8.5",".292","82","13621"
"Avisail Garcia","White Sox","292","4.5 %","26.7 %","0.17","2",".264",".426",".690",".204","3.8",".243","29","-5.5",".292","83","5760"
"Willie Calhoun","Rangers","75","6.7 %","21.3 %","0.31","0",".293",".377",".670",".130","0.8",".288","7","-1.5",".291","74","17838"
"Carlos Asuaje","Padres","158","11.4 %","21.5 %","0.53","1",".318",".341",".659",".111","3.2",".284","15","-3.1",".290","82","15197"
"Hanley Ramirez","Red Sox","150","7.3 %","16.7 %","0.44","3",".293",".370",".664",".141","4.4",".243","15","-3.0",".290","76","8001"
"David Bote","Cubs","147","8.2 %","27.9 %","0.29","2",".293",".376",".668",".150","5.2",".292","14","-3.1",".289","79","14593"
"Evan Longoria","Giants","338","3.8 %","22.5 %","0.17","1",".278",".391",".669",".150","3.3",".291","32","-7.2",".288","81","9368"
"Logan Forsythe","- - -","258","9.7 %","20.2 %","0.48","2",".329",".310",".640",".061","3.0",".316","25","-5.6",".288","80","7185"
"Michael A. Taylor","Nationals","256","8.6 %","25.4 %","0.34","20",".298",".361",".659",".129","8.2",".309","24","-5.7",".288","76","11489"
"Dilson Herrera","Reds","56","10.7 %","42.9 %","0.25","0",".268",".388",".656",".224","1.8",".227","5","-1.3",".287","76","14335"
"Meibrys Viloria","Royals","25","0.0 %","28.0 %","0.00","0",".292",".375",".667",".083","2.6",".412","2","-0.6",".287","78","17109"
"Jordy Mercer","Pirates","320","7.5 %","21.9 %","0.34","1",".304",".370",".674",".131","3.5",".296","30","-7.3",".287","79","6547"
"Shane Robinson","Yankees","34","8.8 %","5.9 %","1.50","1",".294",".355",".649",".129","6.0",".214","3","-0.8",".287","77","4249"
"Elvis Andrus","Rangers","293","5.8 %","16.4 %","0.35","5",".304",".349",".653",".092","6.2",".300","28","-6.7",".287","71","8709"
"Jose Iglesias","Tigers","367","4.1 %","10.9 %","0.38","13",".296",".360",".656",".105","5.3",".284","34","-8.4",".286","78","10231"
"Brian McCann","Astros","162","8.0 %","16.0 %","0.50","0",".290",".361",".651",".146","1.8",".219","15","-3.7",".286","82","4810"
"Tyler Naquin","Indians","167","3.6 %","22.8 %","0.16","1",".299",".361",".660",".095","3.0",".331","16","-3.9",".286","74","13359"
"Kole Calhoun","Angels","384","8.3 %","26.0 %","0.32","5",".272",".399",".670",".191","5.5",".238","36","-9.0",".286","81","11200"
"Rosell Herrera","- - -","202","6.4 %","18.8 %","0.34","2",".307",".342",".649",".086","4.2",".315","19","-4.7",".286","77","11611"
"Nick Ahmed","Diamondbacks","372","7.8 %","20.2 %","0.39","5",".286",".378",".664",".155","4.4",".261","35","-8.8",".286","75","12147"
"Christopher Bostick","- - -","11","18.2 %","27.3 %","0.67","0",".364",".222",".586",".000","0.1",".333","1","-0.3",".285","83","13718"
"Victor Caratini","Cubs","147","4.8 %","18.4 %","0.26","0",".303",".343",".647",".080","1.8",".315","14","-3.5",".285","76","14968"
"Logan Morrison","Twins","273","9.9 %","20.1 %","0.49","0",".271",".379",".650",".204","1.9",".163","25","-6.6",".285","76","9205"
"Ketel Marte","Diamondbacks","368","9.2 %","14.7 %","0.63","3",".300",".352",".651",".127","5.7",".254","34","-9.0",".285","74","13613"
"Austin Jackson","- - -","228","6.6 %","39.0 %","0.17","1",".289",".363",".653",".123","3.2",".397","21","-5.6",".285","81","9848"
"Dee Gordon","Mariners","410","2.0 %","13.9 %","0.14","22",".290",".368",".658",".097","7.3",".307","38","-10.2",".284","82","8203"
"Ronald Torreyes","Yankees","74","1.4 %","12.2 %","0.11","0",".297",".356",".653",".068","1.2",".328","7","-1.9",".284","75","11400"
"Austin Slater","Giants","138","10.9 %","33.3 %","0.33","5",".326",".303",".629",".066","6.9",".373","13","-3.5",".283","78","16153"
"Jake Marisnick","Astros","121","6.6 %","34.7 %","0.19","5",".261",".394",".655",".202","8.3",".258","11","-3.1",".283","80","11339"
"Erik Kratz","Brewers","156","1.9 %","19.2 %","0.10","1",".290",".354",".644",".102","2.5",".292","14","-4.0",".283","74","4403"
"Josh Harrison","Pirates","271","4.4 %","18.1 %","0.24","3",".301",".347",".648",".085","4.6",".305","25","-6.9",".283","77","8202"
"Miguel Rojas","Marlins","397","3.8 %","14.4 %","0.26","4",".297",".350",".647",".092","2.6",".283","36","-10.3",".283","79","7802"
"Kyle Farmer","Dodgers","36","11.1 %","13.9 %","0.80","0",".333",".310",".644",".103","0.1",".240","3","-0.9",".283","79","14813"
"Josh Phegley","Athletics","69","7.2 %","21.7 %","0.33","0",".290",".355",".645",".129","2.6",".277","6","-1.8",".282","78","9308"
"Billy Hamilton","Reds","399","8.3 %","22.3 %","0.37","20",".309",".326",".635",".080","7.9",".319","36","-10.6",".282","72","10199"
"Cam Gallagher","Royals","47","2.1 %","19.1 %","0.11","0",".283",".364",".646",".114","1.2",".294","4","-1.3",".282","74","12981"
"Amed Rosario","Mets","444","5.0 %","19.4 %","0.26","20",".288",".366",".654",".119","7.2",".294","40","-12.2",".281","79","15518"
"Tomas Telis","Marlins","25","8.0 %","24.0 %","0.33","0",".320",".304",".624",".043","1.1",".353","2","-0.7",".281","78","10067"
"Steven Souza Jr.","Diamondbacks","176","10.2 %","26.7 %","0.38","4",".301",".323",".624",".116","3.5",".283","16","-4.9",".281","72","5667"
"Jefry Marte","Angels","81","6.2 %","13.6 %","0.45","1",".284",".351",".635",".135","5.0",".230","7","-2.2",".281","78","5107"
"Tim Federowicz","- - -","28","3.6 %","42.9 %","0.08","0",".250",".407",".657",".185","1.6",".357","2","-0.8",".280","76","8609"
"Tim Anderson","White Sox","440","5.0 %","25.9 %","0.19","24",".269",".380",".649",".156","7.5",".277","39","-12.5",".280","75","15172"
"Greg Bird","Yankees","242","9.1 %","25.2 %","0.36","0",".273",".374",".647",".182","1.3",".223","21","-6.9",".280","73","14131"
"Tim Beckham","Orioles","290","5.9 %","24.8 %","0.24","1",".280",".360",".640",".131","2.4",".280","26","-8.3",".280","73","7949"
"Adam Duvall","- - -","301","7.3 %","28.9 %","0.25","1",".269",".370",".639",".172","3.2",".249","26","-8.7",".279","70","10950"
"Gary Sanchez","Yankees","275","11.3 %","25.8 %","0.44","1",".269",".367",".636",".196","3.1",".182","24","-8.0",".279","72","11442"
"Kyle Seager","Mariners","417","6.2 %","20.6 %","0.30","1",".257",".401",".658",".193","2.8",".225","37","-12.2",".279","78","9785"
"Abraham Almonte","Royals","105","10.5 %","23.8 %","0.44","1",".295",".330",".625",".117","5.2",".269","9","-3.1",".279","72","5486"
"Addison Russell","Cubs","342","8.2 %","22.8 %","0.36","3",".307",".319",".626",".077","4.3",".312","30","-10.1",".278","72","14106"
"Chase Utley","Dodgers","170","8.8 %","17.6 %","0.50","3",".312",".313",".625",".093","5.1",".269","15","-5.1",".278","76","1679"
"Ryan LaMarre","- - -","106","6.6 %","30.2 %","0.22","1",".302",".323",".625",".083","2.7",".344","9","-3.2",".278","72","10700"
"Michael Perez","Rays","66","3.0 %","21.2 %","0.14","0",".277",".377",".654",".115","1.4",".313","6","-2.0",".278","75","12977"
"Greg Garcia","Cardinals","183","10.4 %","15.3 %","0.68","2",".324",".287",".611",".057","2.3",".269","16","-5.5",".278","73","10951"
"Freddy Galvis","Padres","455","7.9 %","25.5 %","0.31","2",".289",".346",".635",".119","2.9",".291","40","-13.7",".278","74","6609"
"Victor Martinez","Tigers","375","6.9 %","9.9 %","0.70","0",".301",".336",".638",".088","0.5",".265","33","-11.3",".278","72","393"
"Spencer Kieboom","Nationals","107","13.1 %","21.5 %","0.61","0",".318",".286",".603",".077","1.3",".265","9","-3.2",".278","69","13300"
"Andrew Stevenson","Nationals","80","7.5 %","26.3 %","0.29","1",".313",".314",".627",".057","2.2",".333","7","-2.4",".278","69","17932"
"Isiah Kiner-Falefa","Rangers","263","4.9 %","19.0 %","0.26","7",".302",".319",".622",".071","3.9",".301","23","-8.0",".277","65","16512"
"David Freitas","Mariners","67","9.0 %","25.4 %","0.35","0",".302",".316",".617",".088","1.9",".308","6","-2.1",".277","77","10619"
"Yangervis Solarte","Blue Jays","334","6.3 %","15.9 %","0.40","1",".279",".357",".636",".130","1.8",".246","29","-10.3",".277","72","5352"
"Chris Gimenez","- - -","55","5.5 %","27.3 %","0.20","1",".273",".367",".640",".143","3.4",".265","5","-1.8",".275","70","7324"
"Adam Engel","White Sox","336","4.2 %","28.9 %","0.14","13",".284",".340",".624",".104","6.2",".324","28","-11.0",".275","72","15082"
"JaCoby Jones","Tigers","347","4.6 %","32.3 %","0.14","10",".263",".371",".634",".159","7.2",".289","29","-11.4",".274","70","14818"
"Dylan Cozens","Phillies","38","15.8 %","50.0 %","0.32","1",".289",".313",".602",".156","3.4",".333","3","-1.3",".274","69","15115"
"Jorge Bonifacio","Royals","190","6.3 %","25.3 %","0.25","0",".275",".354",".629",".131","4.3",".288","16","-6.3",".274","69","12174"
"Pete Kozma","Tigers","54","3.7 %","24.1 %","0.15","0",".264",".380",".644",".140","5.4",".297","5","-1.8",".274","70","2539"
"Leury Garcia","White Sox","191","4.2 %","25.7 %","0.16","11",".282",".345",".627",".102","7.2",".317","16","-6.4",".274","71","5913"
"Dustin Fowler","Athletics","189","4.2 %","24.3 %","0.17","5",".265",".369",".633",".140","5.1",".273","16","-6.3",".274","72","17098"
"Brandon Phillips","Red Sox","14","21.4 %","14.3 %","1.50","0",".357",".182",".539",".000","2.6",".222","1","-0.5",".273","65","791"
"Javier Guerra","Padres","14","21.4 %","42.9 %","0.50","0",".357",".182",".539",".000","2.0",".400","1","-0.5",".273","71","17292"
"Tom Murphy","Rockies","64","3.1 %","48.4 %","0.06","0",".250",".387",".637",".161","1.4",".414","5","-2.2",".273","53","13499"
"Alex Blandino","Reds","102","6.9 %","30.4 %","0.23","0",".307",".300",".607",".078","1.0",".328","8","-3.5",".272","66","16271"
"Rajai Davis","Indians","114","4.4 %","22.8 %","0.19","14",".291",".317",".608",".089","6.4",".297","9","-4.0",".272","65","3708"
"Devon Travis","Blue Jays","277","5.1 %","18.4 %","0.27","3",".274",".349",".623",".128","4.9",".254","23","-9.7",".272","69","13862"
"Nick Hundley","Giants","180","8.3 %","29.4 %","0.28","0",".283",".335",".619",".122","3.2",".296","15","-6.4",".271","70","3376"
"Peter Bourjos","Braves","25","8.0 %","32.0 %","0.25","0",".292",".318",".610",".091","2.2",".357","2","-0.9",".271","65","2578"
"Gregorio Petit","Twins","55","9.1 %","20.0 %","0.45","2",".327",".260",".587",".000","4.0",".333","4","-2.0",".271","66","3812"
"Martin Maldonado","- - -","274","3.6 %","24.1 %","0.15","0",".267",".350",".618",".128","1.6",".272","22","-9.9",".270","71","6887"
"Brett Phillips","- - -","106","7.5 %","42.5 %","0.18","1",".264",".361",".625",".155","5.8",".353","9","-3.9",".270","66","14735"
"Hernan Perez","Brewers","209","5.7 %","22.5 %","0.26","6",".282",".330",".612",".091","4.3",".299","17","-7.7",".270","64","5751"
"Steven Duggar","Giants","106","6.6 %","28.3 %","0.23","2",".274",".354",".627",".131","6.2",".309","8","-3.9",".269","68","17719"
"Aaron Altherr","Phillies","190","11.6 %","34.7 %","0.33","3",".284",".311",".595",".134","5.4",".255","15","-7.1",".269","66","11270"
"Bruce Maxwell","Athletics","43","4.7 %","25.6 %","0.18","0",".256",".375",".631",".150","0.8",".276","3","-1.6",".269","69","13866"
"Martin Prado","Marlins","167","4.2 %","20.4 %","0.21","1",".287",".321",".608",".069","2.6",".315","13","-6.3",".268","70","3312"
"Mac Williamson","Giants","73","9.6 %","26.0 %","0.37","1",".260",".348",".609",".167","3.5",".205","6","-2.8",".268","68","14158"
"Moises Sierra","Nationals","31","3.2 %","29.0 %","0.11","1",".290",".321",".612",".071","4.6",".350","2","-1.2",".268","63","6050"
"Alex Avila","Diamondbacks","200","16.0 %","39.5 %","0.41","0",".295",".297",".592",".139","0.1",".244","16","-7.7",".268","63","7476"
"Jose Pirela","Padres","311","4.8 %","22.2 %","0.22","4",".286",".318",".605",".075","4.1",".311","24","-12.1",".267","67","5485"
"Ryan McMahon","Rockies","163","7.4 %","33.7 %","0.22","1",".276",".342",".618",".128","2.4",".308","13","-6.4",".267","49","15112"
"Danny Valencia","Orioles","157","5.7 %","22.9 %","0.25","0",".274",".336",".610",".103","1.5",".284","12","-6.2",".266","64","6364"
"Scott Kingery","Phillies","354","5.1 %","23.4 %","0.22","8",".271",".340",".612",".112","6.0",".286","27","-14.3",".265","63","17975"
"James McCann","Tigers","348","5.5 %","24.7 %","0.22","0",".279",".323",".602",".089","1.3",".301","27","-14.1",".265","64","12859"
"Hunter Pence","Giants","139","4.3 %","25.9 %","0.17","3",".281",".328",".609",".076","5.1",".333","11","-5.6",".265","66","8252"
"Jonathan Lucroy","Athletics","318","5.7 %","12.9 %","0.44","0",".290",".308",".598",".065","2.1",".276","24","-12.9",".265","66","7870"
"Pablo Reyes","Pirates","38","5.3 %","18.4 %","0.29","0",".289",".306",".595",".056","2.3",".310","3","-1.6",".264","64","16357"
"Harold Castro","Tigers","10","0.0 %","20.0 %","0.00","1",".300",".300",".600",".000","7.1",".375","1","-0.4",".264","63","14691"
"Andrew Knapp","Phillies","174","9.2 %","35.1 %","0.26","1",".276",".325",".601",".121","4.8",".309","13","-7.3",".263","62","14942"
"Dexter Fowler","Cardinals","262","11.5 %","21.4 %","0.54","5",".282",".300",".582",".115","4.1",".214","20","-11.0",".263","63","4062"
"Juan Graterol","- - -","6","16.7 %","0.0 %","1.00","0",".333",".200",".533",".000","2.6",".200","0","-0.3",".262","60","5398"
"Kevan Smith","White Sox","133","4.5 %","10.5 %","0.43","1",".293",".285",".578",".049","3.5",".259","10","-5.8",".261","63","12284"
"Francisco Arcia","Angels","95","1.1 %","27.4 %","0.04","1",".211",".409",".619",".215","3.8",".210","7","-4.1",".261","65","10286"
"Ryan Flaherty","Braves","167","10.8 %","22.8 %","0.47","4",".301",".299",".601",".082","3.8",".278","12","-7.3",".261","59","7888"
"Rob Refsnyder","Rays","41","14.6 %","26.8 %","0.55","0",".317",".229",".546",".029","1.4",".292","3","-1.8",".260","63","13770"
"Gregor Blanco","Giants","171","5.8 %","28.1 %","0.21","6",".263",".331",".594",".113","7.3",".297","12","-7.8",".259","62","3123"
"Jordan Luplow","Pirates","61","9.8 %","18.0 %","0.55","2",".262",".315",".577",".148","7.5",".171","4","-2.8",".259","60","16424"
"Tony Wolters","Rockies","173","12.7 %","14.5 %","0.88","2",".283",".288",".571",".123","5.9",".175","12","-8.0",".258","43","11470"
"Delino DeShields","Rangers","262","11.1 %","24.0 %","0.46","15",".296",".258",".554",".059","6.4",".272","18","-12.4",".257","51","11379"
"Noel Cuevas","Rockies","57","3.5 %","21.1 %","0.17","0",".263",".327",".590",".091","4.5",".302","4","-2.7",".256","42","11894"
"Johnny Field","- - -","140","2.9 %","35.0 %","0.08","3",".245",".346",".590",".135","5.1",".300","10","-6.7",".256","60","15048"
"Ryan Goins","Royals","100","4.0 %","22.0 %","0.18","0",".263",".326",".589",".095","3.4",".301","7","-4.8",".256","57","9807"
"Nick Ciuffo","Rays","35","8.6 %","28.6 %","0.30","0",".265",".310",".575",".138","1.3",".211","2","-1.7",".256","60","16291"
"Steve Wilkerson","Orioles","33","9.1 %","21.2 %","0.43","1",".273",".300",".573",".100","3.7",".261","2","-1.6",".256","57","16041"
"Jose Lobaton","Mets","39","15.4 %","28.2 %","0.55","0",".282",".281",".563",".125","3.2",".227","3","-1.9",".256","62","4243"
"Chance Sisco","Orioles","167","6.6 %","35.3 %","0.19","1",".287",".260",".548",".075","2.8",".302","11","-8.1",".255","57","15694"
"Caleb Joseph","Orioles","190","3.2 %","25.3 %","0.13","2",".249",".343",".591",".122","4.8",".282","13","-9.2",".255","57","7087"
"Kyle Higashioka","Yankees","54","11.1 %","16.7 %","0.67","0",".278",".277",".554",".106","1.0",".189","4","-2.6",".255","56","5517"
"Christian Villanueva","Padres","259","5.0 %","25.1 %","0.20","3",".255",".319",".574",".130","3.7",".234","18","-12.7",".255","59","11738"
"Alcides Escobar","Royals","384","5.5 %","13.0 %","0.42","8",".274",".302",".576",".074","5.5",".257","26","-19.0",".254","55","6310"
"Brandon Dixon","Reds","78","6.4 %","37.2 %","0.17","0",".231",".356",".587",".178","2.4",".244","5","-3.9",".254","53","15214"
"Andrew Toles","Dodgers","26","7.7 %","23.1 %","0.33","0",".308",".292",".599",".042","2.6",".333","2","-1.3",".253","59","13414"
"John Andreoli","- - -","34","8.8 %","20.6 %","0.43","2",".294",".267",".561",".033","6.1",".292","2","-1.7",".253","56","13012"
"Chris Young","Angels","77","10.4 %","35.1 %","0.30","0",".250",".318",".568",".167","4.9",".189","5","-3.9",".252","58","3882"
"Luis Guillorme","Mets","52","13.5 %","3.8 %","3.50","1",".308",".222",".530",".022","3.8",".209","3","-2.7",".252","60","16451"
"Jacob Stallings","Pirates","30","6.7 %","26.7 %","0.25","0",".300",".259",".559",".000","0.9",".350","2","-1.6",".251","55","13723"
"Orlando Arcia","Brewers","280","3.9 %","26.1 %","0.15","6",".265",".305",".570",".071","3.7",".309","18","-14.6",".251","52","13185"
"Bryan Holaday","Marlins","119","7.6 %","19.3 %","0.39","0",".294",".264",".558",".038","0.5",".282","8","-6.3",".250","58","11287"
"Jose Reyes","Mets","185","9.2 %","16.2 %","0.57","4",".261",".299",".560",".114","6.2",".215","11","-10.1",".248","57","1736"
"Brandon Drury","- - -","53","9.4 %","20.8 %","0.45","0",".264",".277",".541",".106","1.1",".200","3","-2.9",".247","51","11615"
"Chris Davis","Orioles","376","8.0 %","36.7 %","0.22","1",".255",".302",".557",".124","2.1",".257","23","-20.8",".247","51","9272"
"Tyler Flowers","Braves","208","7.2 %","27.4 %","0.26","0",".269",".270",".540",".086","1.7",".246","13","-11.5",".247","49","9134"
"Luis Valbuena","Angels","248","6.5 %","35.1 %","0.18","3",".246",".330",".576",".135","3.4",".270","15","-13.9",".246","54","4969"
"Grayson Greiner","Tigers","94","13.8 %","30.9 %","0.45","0",".287",".241",".528",".063","1.3",".269","6","-5.3",".246","51","17062"
"Adeiny Hechavarria","- - -","232","4.3 %","20.3 %","0.21","2",".248",".326",".573",".107","3.7",".250","14","-13.1",".246","53","10459"
"Clint Frazier","Yankees","26","3.8 %","42.3 %","0.09","0",".269",".261",".530",".087","2.6",".333","2","-1.5",".246","49","15983"
"Bradley Zimmer","Indians","81","6.2 %","43.2 %","0.14","3",".272",".276",".548",".053","5.3",".415","5","-4.6",".245","46","16221"
"Tyler Wade","Yankees","58","6.9 %","29.3 %","0.24","0",".241",".315",".556",".130","2.4",".250","3","-3.3",".244","49","15730"
"Drew Robinson","Rangers","107","12.1 %","46.7 %","0.26","2",".271",".255",".526",".085","4.6",".333","6","-6.2",".244","42","11761"
"Chris Shaw","Giants","53","9.4 %","35.8 %","0.26","0",".264",".277",".541",".085","0.1",".286","3","-3.1",".243","51","17738"
"Danny Santana","Braves","24","12.5 %","29.2 %","0.43","0",".292",".200",".492",".050","3.1",".231","1","-1.4",".241","45","10322"
"Corban Joseph","Orioles","19","5.3 %","26.3 %","0.20","0",".263",".278",".541",".056","0.8",".308","1","-1.1",".241","47","5503"
"Lewis Brinson","Marlins","294","3.4 %","31.3 %","0.11","1",".229",".326",".555",".133","4.1",".256","17","-17.8",".240","51","14352"
"Andrew Romine","Mariners","88","8.0 %","28.4 %","0.28","1",".274",".250",".524",".053","6.8",".294","5","-5.4",".240","52","1159"
"Blake Trahan","Reds","11","0.0 %","18.2 %","0.00","0",".273",".273",".545",".000","1.6",".333","1","-0.7",".240","44","17588"
"John Ryan Murphy","Diamondbacks","122","4.1 %","37.7 %","0.11","0",".225",".336",".561",".150","1.2",".266","7","-7.6",".239","43","10346"
"Kelby Tomlinson","Giants","74","4.1 %","23.0 %","0.18","0",".260",".275",".536",".058","2.8",".288","4","-4.6",".239","48","13005"
"Rafael Ortega","Marlins","118","6.8 %","14.4 %","0.47","5",".271",".255",".526",".036","5.7",".258","6","-7.4",".238","49","10323"
"Garrett Cooper","Marlins","31","12.9 %","32.3 %","0.40","0",".290",".192",".483",".038","0.3",".250","2","-2.0",".238","49","15279"
"Francisco Pena","Cardinals","103","2.9 %","27.2 %","0.11","0",".262",".286",".548",".051","1.5",".314","6","-6.5",".237","46","8298"
"Ronny Rodriguez","Tigers","149","6.0 %","20.1 %","0.30","2",".245",".292",".537",".095","3.9",".229","8","-9.4",".237","45","11875"
"Anthony Santander","Orioles","80","3.8 %","12.5 %","0.30","1",".238",".303",".540",".105","4.2",".215","4","-5.1",".237","44","14551"
"Jett Bandy","Brewers","57","3.5 %","35.1 %","0.10","0",".246",".283",".529",".094","1.8",".281","3","-3.6",".237","43","12508"
"Austin Barnes","Dodgers","104","13.5 %","31.7 %","0.42","2",".298",".186",".484",".035","3.3",".245","6","-6.6",".237","48","12158"
"Bobby Wilson","Twins","115","7.0 %","24.3 %","0.29","0",".239",".301",".540",".117","1.8",".227","6","-7.3",".237","42","6564"
"Cheslor Cuthbert","Royals","74","10.8 %","14.9 %","0.73","0",".257",".250",".507",".094","1.9",".154","4","-4.9",".234","41","10473"
"Christian Walker","Diamondbacks","21","14.3 %","42.9 %","0.33","0",".286",".176",".462",".059","0.8",".250","1","-1.4",".234","40","13419"
"Eric Young Jr.","Angels","79","7.6 %","25.3 %","0.30","5",".253",".268",".521",".085","8.2",".250","4","-5.2",".234","46","7158"
"Victor Reyes","Tigers","182","2.7 %","19.8 %","0.14","7",".243",".291",".535",".069","7.8",".273","9","-12.2",".233","42","15487"
"Drew Butera","- - -","118","5.9 %","18.6 %","0.32","0",".246",".275",".521",".083","1.1",".230","6","-8.0",".232","40","3411"
"Dawel Lugo","Tigers","82","4.9 %","22.0 %","0.22","0",".244",".282",".526",".077","3.4",".267","4","-5.6",".232","41","14713"
"Sandy Leon","Red Sox","206","2.9 %","27.2 %","0.11","1",".227",".301",".527",".114","3.5",".241","10","-14.0",".231","36","5273"
"Max Moroff","Pirates","40","15.0 %","32.5 %","0.46","0",".275",".235",".510",".088","0.8",".200","2","-2.7",".231","42","14556"
"Chad Wallach","Marlins","38","5.3 %","50.0 %","0.11","0",".243",".265",".508",".088","1.3",".357","2","-2.6",".230","45","17161"
"Matt Szczur","Padres","52","9.6 %","23.1 %","0.42","3",".275",".217",".492",".022","6.3",".265","2","-3.6",".230","42","11255"
"David Wright","Mets","3","33.3 %","0.0 %","1.00","0",".333",".000",".333",".000","0.1",".000","0","-0.2",".230","45","3787"
"Ryan Schimpf","Angels","6","33.3 %","50.0 %","0.67","0",".333",".000",".333",".000","2.6",".000","0","-0.4",".230","43","9953"
"Dixon Machado","Tigers","188","6.9 %","18.6 %","0.37","0",".251",".263",".514",".076","2.5",".228","9","-13.1",".229","39","11472"
"Christian Vazquez","Red Sox","198","3.5 %","15.2 %","0.23","1",".244",".274",".518",".075","3.3",".222","9","-13.9",".229","35","9774"
"Carlos Tocci","Rangers","78","5.1 %","35.9 %","0.14","0",".247",".264",".511",".069","5.6",".318","4","-5.5",".228","31","14558"
"Brandon Guyer","Indians","98","3.1 %","25.5 %","0.12","0",".227",".286",".513",".110","2.5",".219","4","-7.0",".228","34","2636"
"Sean Rodriguez","Pirates","120","10.8 %","34.2 %","0.32","1",".242",".264",".506",".123","6.5",".194","5","-8.5",".228","40","6589"
"Jason Castro","Twins","66","10.6 %","34.8 %","0.30","0",".242",".259",".501",".103","0.4",".229","3","-4.7",".227","36","8722"
"Jesus Sucre","Rays","133","3.8 %","15.8 %","0.24","1",".262",".266",".528",".032","2.0",".279","6","-9.5",".227","41","5942"
"Jeff Mathis","Diamondbacks","139","6.5 %","30.9 %","0.21","0",".246",".258",".504",".063","0.8",".282","6","-10.1",".226","35","3448"
"Derek Fisher","Astros","69","5.8 %","52.2 %","0.11","1",".188",".338",".527",".200","8.1",".231","3","-5.0",".226","41","16192"
"Luis Sardinas","Orioles","16","6.3 %","25.0 %","0.25","0",".188",".333",".521",".200","2.6",".100","1","-1.2",".225","36","13153"
"Giovanny Urshela","Blue Jays","36","2.8 %","22.2 %","0.13","0",".250",".257",".507",".029","2.3",".296","2","-2.6",".225","37","10681"
"Dalton Pompey","Blue Jays","7","14.3 %","57.1 %","0.25","0",".286",".167",".452",".000","0.1",".500","0","-0.5",".224","36","12797"
"Jose Briceno","Angels","71","4.2 %","29.6 %","0.14","0",".257",".231",".488",".031","2.3",".295","3","-5.3",".224","39","13151"
"Jarrod Dyson","Diamondbacks","182","10.4 %","12.6 %","0.83","12",".260",".235",".494",".062","7.3",".190","8","-13.5",".224","34","4866"
"Gabriel Guerrero","Reds","13","0.0 %","46.2 %","0.00","0",".154",".385",".538",".231","0.1",".167","1","-1.0",".224","33","14528"
"Raffy Lopez","Padres","102","10.8 %","39.2 %","0.28","1",".245",".281",".526",".124","3.0",".229","4","-7.7",".222","37","12606"
"Chris Stewart","Braves","15","6.7 %","6.7 %","1.00","0",".267",".231",".497",".000","2.6",".231","1","-1.1",".222","32","3878"
"Taylor Ward","Angels","99","6.1 %","37.4 %","0.16","2",".222",".267",".489",".122","5.4",".200","4","-7.5",".221","37","17548"
"Roberto Perez","Indians","171","8.8 %","32.7 %","0.27","1",".230",".259",".489",".109","4.8",".220","7","-13.2",".220","29","2900"
"Jose Trevino","Rangers","4","0.0 %","0.0 %","0.00","0",".250",".250",".500",".000","0.1",".250","0","-0.3",".220","26","16725"
"Boog Powell","Athletics","24","4.2 %","20.8 %","0.20","1",".208",".304",".513",".130","8.0",".222","1","-1.9",".220","35","15103"
"Socrates Brito","Diamondbacks","31","9.7 %","22.6 %","0.43","0",".226",".259",".485",".111","1.6",".150","1","-2.5",".217","29","12944"
"JB Shuck","Marlins","118","7.6 %","16.1 %","0.47","2",".254",".222",".476",".037","5.0",".225","4","-9.5",".216","35","6677"
"Carlos Perez","- - -","53","1.9 %","26.4 %","0.07","0",".212",".280",".492",".100","0.1",".229","2","-4.2",".216","26","10642"
"Breyvic Valera","- - -","58","8.6 %","13.8 %","0.63","1",".263",".200",".463",".000","5.1",".227","2","-4.7",".215","31","12758"
"Pedro Severino","Nationals","154","7.8 %","22.1 %","0.35","0",".234",".245",".478",".094","0.9",".184","5","-12.8",".213","26","14523"
"Chris Owings","Diamondbacks","167","8.4 %","26.9 %","0.31","6",".234",".232",".465",".079","5.5",".202","5","-14.0",".212","25","10030"
"Jesmuel Valentin","Phillies","67","6.0 %","28.4 %","0.21","0",".224",".246",".470",".082","4.7",".233","2","-5.7",".210","27","14548"
"Jack Reinheimer","Mets","30","13.3 %","30.0 %","0.44","1",".267",".154",".421",".000","4.7",".235","1","-2.6",".209","31","14938"
"Chase Headley","Padres","46","13.0 %","34.8 %","0.38","0",".261",".154",".415",".026","0.7",".217","1","-4.0",".209","28","4720"
"Kaleb Cowart","Angels","95","8.4 %","35.8 %","0.24","1",".211",".244",".455",".105","5.4",".212","3","-8.6",".204","26","11494"
"Colby Rasmus","Orioles","47","6.4 %","36.2 %","0.18","0",".213",".233",".445",".093","2.6",".200","1","-4.2",".204","22","9893"
"Michael Hermosillo","Angels","35","2.9 %","17.1 %","0.17","0",".200",".265",".465",".088","4.0",".185","1","-3.2",".203","25","16285"
"Jonathan Davis","Blue Jays","14","0.0 %","21.4 %","0.00","2",".214",".231",".445",".077","7.5",".200","0","-1.3",".203","22","15104"
"Mitch Walding","Phillies","17","11.8 %","58.8 %","0.20","0",".176",".267",".443",".200","0.1",".000","0","-1.6",".201","20","13006"
"Adam Moore","Rays","16","0.0 %","43.8 %","0.00","0",".200",".267",".467",".067","1.6",".375","0","-1.5",".200","22","9362"
"Rio Ruiz","Braves","15","13.3 %","33.3 %","0.40","0",".267",".083",".350",".000","1.6",".143","0","-1.4",".199","17","14103"
"Jose Osuna","Pirates","52","0.0 %","19.2 %","0.00","0",".212",".235",".447",".039","2.6",".244","1","-5.0",".197","19","12937"
"Isaac Galloway","Marlins","41","7.3 %","29.3 %","0.25","0",".220",".211",".430",".053","2.8",".231","1","-3.9",".197","22","5238"
"Jake Smolinski","Athletics","16","6.3 %","25.0 %","0.25","1",".188",".267",".454",".133","10.0",".182","0","-1.5",".197","20","5408"
"Braxton Lee","Marlins","17","5.9 %","41.2 %","0.14","0",".235",".188",".423",".000","0.1",".333","0","-1.6",".196","21","16839"
"J.D. Davis","Astros","71","9.9 %","23.9 %","0.41","0",".225",".188",".413",".047","0.8",".174","1","-6.9",".196","21","16219"
"Carson Kelly","Cardinals","31","9.7 %","9.7 %","1.00","0",".250",".125",".375",".000","0.1",".143","1","-3.1",".194","17","13620"
"Adolis Garcia","Cardinals","11","0.0 %","54.5 %","0.00","0",".182",".273",".455",".091","2.6",".400","0","-1.1",".193","17","19287"
"Ryan Rua","Rangers","76","0.0 %","43.4 %","0.00","1",".176",".274",".450",".096","4.2",".282","1","-7.7",".191","6","12409"
"Juan Centeno","Rangers","35","2.9 %","17.1 %","0.17","0",".171",".265",".436",".118","2.0",".148","0","-3.6",".189","4","7168"
"Yadiel Rivera","Marlins","100","8.0 %","32.0 %","0.25","2",".220",".196",".416",".043","5.1",".220","1","-10.3",".188","16","11863"
"Byron Buxton","Twins","75","4.0 %","26.7 %","0.15","5",".200",".222",".422",".056","7.2",".231","1","-7.8",".188","9","14161"
"Luis Urias","Padres","40","7.5 %","20.0 %","0.38","1",".200",".200",".400",".086","5.0",".111","0","-4.2",".186","13","16622"
"Eric Sogard","Brewers","98","9.2 %","19.4 %","0.47","3",".227",".165",".392",".035","4.6",".164","1","-10.4",".185","8","7927"
"Jabari Blash","Angels","24","8.3 %","45.8 %","0.18","0",".208",".182",".390",".045","2.6",".273","0","-2.6",".183","11","11247"
"Mike Tauchman","Rockies","23","13.0 %","26.1 %","0.50","0",".217",".150",".367",".050","2.6",".143","0","-2.5",".182","-8","15274"
"Cliff Pennington","Reds","30","13.3 %","40.0 %","0.33","0",".233",".115",".349",".000","0.4",".214","0","-3.3",".180","4","3395"
"Kevin Newman","Pirates","81","2.5 %","25.9 %","0.10","0",".210",".195",".405",".013","2.3",".246","0","-9.2",".176","5","17696"
"Steven Baron","Cardinals","5","0.0 %","40.0 %","0.00","0",".200",".200",".400",".000","0.1",".333","0","-0.6",".176","5","9787"
"Miguel Gomez","Giants","10","0.0 %","30.0 %","0.00","0",".200",".200",".400",".000","2.6",".286","0","-1.1",".176","6","17075"
"Adrian Sanchez","Nationals","24","4.2 %","12.5 %","0.33","0",".208",".174",".382",".000","2.6",".200","0","-2.7",".175","1","11338"
"Tomas Nido","Mets","73","4.1 %","31.5 %","0.13","0",".178",".217",".395",".072","2.6",".196","0","-8.3",".175","8","13755"
"Dustin Pedroia","Red Sox","9","11.1 %","0.0 %","1.00","0",".222",".125",".347",".000","0.1",".125","0","-1.0",".174","-3","8370"
"Engelb Vielma","Orioles","4","25.0 %","75.0 %","0.33","0",".250",".000",".250",".000","2.6",".000","0","-0.5",".172","0","15481"
"Kevin Kaczmarski","Mets","4","25.0 %","25.0 %","1.00","0",".250",".000",".250",".000","2.5",".000","0","-0.5",".172","7","18146"
"Chase d'Arnaud","Giants","30","6.7 %","43.3 %","0.15","0",".200",".154",".354",".038","2.0",".214","0","-3.5",".170","2","6652"
"Paulo Orlando","Royals","56","5.4 %","25.0 %","0.21","0",".196",".170",".366",".019","2.4",".205","0","-6.6",".169","-3","8628"
"Magneuris Sierra","Marlins","134","3.7 %","23.9 %","0.16","3",".198",".183",".381",".016","4.0",".223","0","-15.9",".169","3","17023"
"Pat Valaika","Rockies","60","5.0 %","26.7 %","0.19","0",".186",".179",".365",".036","1.8",".200","0","-7.2",".167","-18","14885"
"Phillip Evans","Mets","15","6.7 %","33.3 %","0.20","0",".200",".143",".343",".000","0.1",".222","0","-1.9",".163","0","12950"
"Gordon Beckham","Mariners","34","2.9 %","23.5 %","0.13","1",".188",".161",".349",".000","5.1",".217","0","-4.3",".159","-4","9015"
"Matt Reynolds","Nationals","10","10.0 %","20.0 %","0.50","0",".200",".111",".311",".000","2.6",".143","0","-1.3",".157","-11","13788"
"Hanser Alberto","Rangers","19","5.3 %","15.8 %","0.33","0",".167",".176",".343",".059","0.1",".143","0","-2.5",".156","-18","11902"
"Kristopher Negron","- - -","16","6.3 %","25.0 %","0.25","1",".188",".133",".321",".000","7.1",".182","0","-2.1",".153","-7","5306"
"Trayce Thompson","- - -","86","4.7 %","33.7 %","0.14","3",".153",".188",".340",".075","5.8",".140","-1","-11.4",".153","-11","9952"
"Taylor Motter","- - -","15","13.3 %","13.3 %","1.00","0",".200",".077",".277",".000","1.6",".091","0","-2.0",".151","-14","12399"
"Kevin Kramer","Pirates","39","5.1 %","51.3 %","0.10","0",".179",".139",".318",".000","2.6",".294","-1","-5.3",".148","-13","17689"
"Efren Navarro","Cubs","6","0.0 %","66.7 %","0.00","0",".167",".167",".333",".000","0.1",".500","0","-0.8",".147","-16","9854"
"Dan Butler","Red Sox","6","0.0 %","33.3 %","0.00","0",".167",".200",".367",".000","0.1",".250","0","-0.8",".147","-22","9968"
"Mike Gerber","Tigers","41","7.3 %","43.9 %","0.17","0",".171",".135",".306",".027","1.3",".200","-1","-5.7",".145","-18","16115"
"Kyle Tucker","Astros","57","7.0 %","19.3 %","0.36","0",".158",".151",".309",".057","6.3",".119","-1","-7.9",".144","-15","18345"
"Ramon Torres","Royals","17","5.9 %","11.8 %","0.50","0",".176",".125",".301",".000","2.6",".143","0","-2.4",".144","-20","14113"
"Deven Marrero","Diamondbacks","27","11.1 %","22.2 %","0.50","2",".185",".083",".269",".000","7.3",".111","-1","-3.8",".142","-21","13325"
"Jarrod Saltalamacchia","Tigers","5","20.0 %","60.0 %","0.33","0",".200",".000",".200",".000","0.1",".000","0","-0.7",".138","-23","5557"
"Ichiro Suzuki","Mariners","36","0.0 %","16.7 %","0.00","0",".139",".139",".278",".000","2.6",".167","-1","-5.7",".122","-29","1101"
"Sherman Johnson","Angels","6","0.0 %","16.7 %","0.00","0",".167",".000",".167",".000","0.1",".000","0","-1.0",".120","-32","13906"
"Mike Marjama","Mariners","21","0.0 %","28.6 %","0.00","0",".095",".190",".286",".095","2.5",".133","-1","-3.4",".119","-31","12594"
"Anthony Alford","Blue Jays","8","0.0 %","37.5 %","0.00","1",".125",".125",".250",".000","7.5",".200","0","-1.3",".110","-42","14329"
"Tony Cruz","Reds","12","0.0 %","58.3 %","0.00","0",".083",".167",".250",".083","0.1",".200","-1","-2.1",".104","-47","2802"
"Eric Haase","Indians","9","0.0 %","33.3 %","0.00","0",".111",".111",".222",".000","0.1",".167","-1","-1.6",".098","-54","14111"
"Daniel Castro","Rockies","37","2.7 %","16.2 %","0.17","0",".108",".111",".219",".028","1.1",".100","-3","-7.0",".084","-74","15450"
"Ryan Cordell","White Sox","26","0.0 %","38.5 %","0.00","0",".077",".120",".197",".040","2.6",".125","-2","-4.9",".082","-60","15181"
"Matt den Dekker","Mets","20","10.0 %","40.0 %","0.25","0",".100",".000",".100",".000","0.1",".000","-2","-4.0",".069","-62","11385"
"Gift Ngoepe","Blue Jays","14","0.0 %","64.3 %","0.00","0",".071",".071",".143",".000","2.6",".200","-1","-2.9",".063","-74","10340"
"Phil Gosselin","Reds","21","9.5 %","38.1 %","0.25","0",".095",".000",".095",".000","2.6",".000","-2","-4.8",".034","-93","10953"
"Miguel Montero","Nationals","9","11.1 %","22.2 %","0.50","0",".111",".000",".111",".000","0.1",".000","-1","-2.3",".000","-100","3364"
"Ty Kelly","Mets","9","0.0 %","11.1 %","0.00","0",".000",".000",".000",".000","0.1",".000","-1","-2.3",".000","-100","7740"
"Brandon Snyder","Rays","1","0.0 %","100.0 %","0.00","0",".000",".000",".000",".000","0.1",".000","0","-0.3",".000","-100","9856"
"Nick Franklin","Brewers","2","0.0 %","0.0 %","0.00","0",".000",".000",".000",".000","0.1",".000","0","-0.5",".000","-100","10166"
"Rocky Gale","Dodgers","1","0.0 %","0.0 %","0.00","0",".000",".000",".000",".000","0.1",".000","0","-0.3",".000","-100","10533"
"Mike Freeman","Cubs","1","0.0 %","0.0 %","0.00","0",".000",".000",".000",".000","0.1",".000","0","-0.3",".000","-100","11241"
"Andrew Susac","Orioles","2","0.0 %","50.0 %","0.00","0",".000",".000",".000",".000","0.1",".000","0","-0.5",".000","-100","13132"
"Zach Vincej","Mariners","1","0.0 %","100.0 %","0.00","0",".000",".000",".000",".000","0.1",".000","0","-0.3",".000","-100","13269"
"Tony Renda","Red Sox","0","0.0 %","0.0 %","0.00","0",".000",".000",".000",".000","0.1",".000","0","0.0",".000","","13443"
"Patrick Kivlehan","Diamondbacks","4","0.0 %","75.0 %","0.00","0",".000",".000",".000",".000","0.1",".000","-1","-1.0",".000","-100","13910"
"Alfredo Gonzalez","White Sox","5","0.0 %","40.0 %","0.00","0",".000",".000",".000",".000","0.1",".000","-1","-1.3",".000","-100","14267"
"Joe Hudson","Angels","8","0.0 %","0.0 %","0.00","0",".000",".000",".000",".000","0.1",".000","-1","-2.1",".000","-100","14412"
"Dustin Peterson","Braves","2","0.0 %","50.0 %","0.00","0",".000",".000",".000",".000","0.1",".000","0","-0.5",".000","-100","15189"
"Aristides Aquino","Reds","1","0.0 %","100.0 %","0.00","0",".000",".000",".000",".000","0.1",".000","0","-0.3",".000","-100","15482"
"Rafael Bautista","Nationals","5","0.0 %","20.0 %","0.00","0",".000",".000",".000",".000","0.1",".000","-1","-1.3",".000","-100","15769"
"A.J. Reed","Astros","3","0.0 %","33.3 %","0.00","0",".000",".000",".000",".000","0.1",".000","0","-0.8",".000","-100","16246"
